"site","year","species","abund"
19,NA,1,1
19,NA,2,1
19,NA,3,2
19,NA,4,4
19,NA,5,4
19,NA,6,7
19,NA,7,19
19,NA,8,20
19,NA,9,21
19,NA,10,24
20,NA,1,1
20,NA,2,1
20,NA,3,1
20,NA,4,1
20,NA,5,1
20,NA,6,2
20,NA,7,3
20,NA,8,4
20,NA,9,4
20,NA,10,4
20,NA,11,12
20,NA,12,12
20,NA,13,18
20,NA,14,20
20,NA,15,23
20,NA,16,31
20,NA,17,40
21,NA,1,1
21,NA,2,3
21,NA,3,3
21,NA,4,4
21,NA,5,4
21,NA,6,4
21,NA,7,7
21,NA,8,7
21,NA,9,8
21,NA,10,11
21,NA,11,16
21,NA,12,19
22,NA,1,1
22,NA,2,2
22,NA,3,3
22,NA,4,4
22,NA,5,4
22,NA,6,4
22,NA,7,7
22,NA,8,11
22,NA,9,11
22,NA,10,16
22,NA,11,33
22,NA,12,60
22,NA,13,64
23,NA,1,1
23,NA,2,1
23,NA,3,1
23,NA,4,2
23,NA,5,3
23,NA,6,3
23,NA,7,3
23,NA,8,3
23,NA,9,3
23,NA,10,3
23,NA,11,3
23,NA,12,5
23,NA,13,12
23,NA,14,25
23,NA,15,30
23,NA,16,45
24,NA,1,1
24,NA,2,1
24,NA,3,2
24,NA,4,2
24,NA,5,4
24,NA,6,4
24,NA,7,7
24,NA,8,15
24,NA,9,24
24,NA,10,27
24,NA,11,35
24,NA,12,39
24,NA,13,49
24,NA,14,55
25,NA,1,1
25,NA,2,1
25,NA,3,2
25,NA,4,2
25,NA,5,3
25,NA,6,3
25,NA,7,3
25,NA,8,3
25,NA,9,3
25,NA,10,4
25,NA,11,4
25,NA,12,6
25,NA,13,7
25,NA,14,8
25,NA,15,15
25,NA,16,20
25,NA,17,37
25,NA,18,47
25,NA,19,59
25,NA,20,65
26,NA,1,1
26,NA,2,1
26,NA,3,1
26,NA,4,1
26,NA,5,2
26,NA,6,2
26,NA,7,2
26,NA,8,4
26,NA,9,7
26,NA,10,11
26,NA,11,31
26,NA,12,31
26,NA,13,40
26,NA,14,43
26,NA,15,63
27,NA,1,1
27,NA,2,2
27,NA,3,3
27,NA,4,3
27,NA,5,3
27,NA,6,3
27,NA,7,4
27,NA,8,4
27,NA,9,5
27,NA,10,6
27,NA,11,7
27,NA,12,8
27,NA,13,8
27,NA,14,8
27,NA,15,15
27,NA,16,27
27,NA,17,41
27,NA,18,55
27,NA,19,59
27,NA,20,60
27,NA,21,121
27,NA,22,135
30,NA,1,1
30,NA,2,1
30,NA,3,1
30,NA,4,1
30,NA,5,1
30,NA,6,2
30,NA,7,2
30,NA,8,3
30,NA,9,14
31,NA,1,1
31,NA,2,1
31,NA,3,2
31,NA,4,2
31,NA,5,4
31,NA,6,4
31,NA,7,6
31,NA,8,7
31,NA,9,37
32,NA,1,1
32,NA,2,1
32,NA,3,3
32,NA,4,3
32,NA,5,3
32,NA,6,13
32,NA,7,56
33,NA,1,1
33,NA,2,1
33,NA,3,1
33,NA,4,1
33,NA,5,1
33,NA,6,2
33,NA,7,2
33,NA,8,3
33,NA,9,5
33,NA,10,6
33,NA,11,7
33,NA,12,7
33,NA,13,114
50,NA,1,1
50,NA,2,1
50,NA,3,1
50,NA,4,1
50,NA,5,1
50,NA,6,1
50,NA,7,1
50,NA,8,1
50,NA,9,1
50,NA,10,1
50,NA,11,1
50,NA,12,2
50,NA,13,2
50,NA,14,2
50,NA,15,2
50,NA,16,2
50,NA,17,2
50,NA,18,2
50,NA,19,3
50,NA,20,3
50,NA,21,4
50,NA,22,5
50,NA,23,5
50,NA,24,5
50,NA,25,5
50,NA,26,6
50,NA,27,6
50,NA,28,7
50,NA,29,12
50,NA,30,15
50,NA,31,15
50,NA,32,15
50,NA,33,29
50,NA,34,55
51,NA,1,1
51,NA,2,1
51,NA,3,1
51,NA,4,1
51,NA,5,1
51,NA,6,1
51,NA,7,1
51,NA,8,1
51,NA,9,1
51,NA,10,1
51,NA,11,1
51,NA,12,1
51,NA,13,1
51,NA,14,2
51,NA,15,2
51,NA,16,2
51,NA,17,2
51,NA,18,2
51,NA,19,3
51,NA,20,3
51,NA,21,3
51,NA,22,3
51,NA,23,3
51,NA,24,4
51,NA,25,4
51,NA,26,5
51,NA,27,5
51,NA,28,6
51,NA,29,7
51,NA,30,7
51,NA,31,10
51,NA,32,16
51,NA,33,16
51,NA,34,18
51,NA,35,38
52,NA,1,1
52,NA,2,1
52,NA,3,1
52,NA,4,1
52,NA,5,1
52,NA,6,1
52,NA,7,1
52,NA,8,1
52,NA,9,1
52,NA,10,1
52,NA,11,1
52,NA,12,2
52,NA,13,2
52,NA,14,2
52,NA,15,2
52,NA,16,2
52,NA,17,2
52,NA,18,2
52,NA,19,2
52,NA,20,2
52,NA,21,2
52,NA,22,2
52,NA,23,3
52,NA,24,3
52,NA,25,3
52,NA,26,3
52,NA,27,4
52,NA,28,4
52,NA,29,4
52,NA,30,5
52,NA,31,5
52,NA,32,9
52,NA,33,9
52,NA,34,12
52,NA,35,13
52,NA,36,17
52,NA,37,25
52,NA,38,25
52,NA,39,27
52,NA,40,29
52,NA,41,49
52,NA,42,53
52,NA,43,53
52,NA,44,57
52,NA,45,91
53,NA,1,1
53,NA,2,1
53,NA,3,1
53,NA,4,1
53,NA,5,1
53,NA,6,1
53,NA,7,1
53,NA,8,1
53,NA,9,1
53,NA,10,1
53,NA,11,1
53,NA,12,1
53,NA,13,2
53,NA,14,2
53,NA,15,2
53,NA,16,2
53,NA,17,2
53,NA,18,2
53,NA,19,2
53,NA,20,2
53,NA,21,3
53,NA,22,3
53,NA,23,3
53,NA,24,3
53,NA,25,3
53,NA,26,3
53,NA,27,5
53,NA,28,5
53,NA,29,5
53,NA,30,5
53,NA,31,6
53,NA,32,7
53,NA,33,8
53,NA,34,8
53,NA,35,10
53,NA,36,10
53,NA,37,10
53,NA,38,14
53,NA,39,14
53,NA,40,17
53,NA,41,18
53,NA,42,19
53,NA,43,23
53,NA,44,32
53,NA,45,34
53,NA,46,35
53,NA,47,48
53,NA,48,86
54,NA,1,1
54,NA,2,1
54,NA,3,1
54,NA,4,1
54,NA,5,1
54,NA,6,1
54,NA,7,1
54,NA,8,1
54,NA,9,1
54,NA,10,1
54,NA,11,1
54,NA,12,2
54,NA,13,2
54,NA,14,3
54,NA,15,3
54,NA,16,3
54,NA,17,4
54,NA,18,4
54,NA,19,4
54,NA,20,5
54,NA,21,5
54,NA,22,6
54,NA,23,8
54,NA,24,8
54,NA,25,9
54,NA,26,9
54,NA,27,10
54,NA,28,10
54,NA,29,10
54,NA,30,11
54,NA,31,11
54,NA,32,14
54,NA,33,15
54,NA,34,21
54,NA,35,25
54,NA,36,27
54,NA,37,36
54,NA,38,45
55,NA,1,1
55,NA,2,1
55,NA,3,1
55,NA,4,1
55,NA,5,1
55,NA,6,1
55,NA,7,1
55,NA,8,1
55,NA,9,1
55,NA,10,2
55,NA,11,2
55,NA,12,2
55,NA,13,2
55,NA,14,2
55,NA,15,2
55,NA,16,2
55,NA,17,2
55,NA,18,3
55,NA,19,3
55,NA,20,3
55,NA,21,3
55,NA,22,4
55,NA,23,4
55,NA,24,4
55,NA,25,5
55,NA,26,5
55,NA,27,6
55,NA,28,6
55,NA,29,6
55,NA,30,7
55,NA,31,9
55,NA,32,9
55,NA,33,10
55,NA,34,12
55,NA,35,15
55,NA,36,31
55,NA,37,70
55,NA,38,76
55,NA,39,102
62,NA,1,1
62,NA,2,1
62,NA,3,1
62,NA,4,1
62,NA,5,1
62,NA,6,1
62,NA,7,2
62,NA,8,3
62,NA,9,3
62,NA,10,4
62,NA,11,5
62,NA,12,6
62,NA,13,7
62,NA,14,8
62,NA,15,18
62,NA,16,23
62,NA,17,67
63,NA,1,1
63,NA,2,1
63,NA,3,1
63,NA,4,1
63,NA,5,1
63,NA,6,1
63,NA,7,2
63,NA,8,2
63,NA,9,2
63,NA,10,4
63,NA,11,6
63,NA,12,7
63,NA,13,8
63,NA,14,8
63,NA,15,72
63,NA,16,87
64,NA,1,1
64,NA,2,1
64,NA,3,1
64,NA,4,1
64,NA,5,2
64,NA,6,2
64,NA,7,3
64,NA,8,3
64,NA,9,3
64,NA,10,4
64,NA,11,5
64,NA,12,7
64,NA,13,8
64,NA,14,9
64,NA,15,11
64,NA,16,37
64,NA,17,79
65,NA,1,1
65,NA,2,1
65,NA,3,1
65,NA,4,1
65,NA,5,1
65,NA,6,1
65,NA,7,2
65,NA,8,3
65,NA,9,4
65,NA,10,4
65,NA,11,5
65,NA,12,8
65,NA,13,9
66,NA,1,1
66,NA,2,1
66,NA,3,1
66,NA,4,1
66,NA,5,1
66,NA,6,1
66,NA,7,2
66,NA,8,2
66,NA,9,2
66,NA,10,4
66,NA,11,7
67,NA,1,1
67,NA,2,1
67,NA,3,1
67,NA,4,2
67,NA,5,3
67,NA,6,4
67,NA,7,6
67,NA,8,7
67,NA,9,9
67,NA,10,16
68,NA,1,1
68,NA,2,1
68,NA,3,1
68,NA,4,2
68,NA,5,3
68,NA,6,3
68,NA,7,4
68,NA,8,5
68,NA,9,6
68,NA,10,9
68,NA,11,14
68,NA,12,40
69,NA,1,1
69,NA,2,1
69,NA,3,2
69,NA,4,2
69,NA,5,5
69,NA,6,5
69,NA,7,7
69,NA,8,10
69,NA,9,12
69,NA,10,32
69,NA,11,38
69,NA,12,40
91,NA,1,1
91,NA,2,1
91,NA,3,1
91,NA,4,1
91,NA,5,1
91,NA,6,2
91,NA,7,2
91,NA,8,4
91,NA,9,4
91,NA,10,5
91,NA,11,8
91,NA,12,8
91,NA,13,10
91,NA,14,16
91,NA,15,17
91,NA,16,21
91,NA,17,22
91,NA,18,70
92,NA,1,1
92,NA,2,1
92,NA,3,1
92,NA,4,1
92,NA,5,1
92,NA,6,1
92,NA,7,1
92,NA,8,2
92,NA,9,2
92,NA,10,3
92,NA,11,3
92,NA,12,5
92,NA,13,7
92,NA,14,8
92,NA,15,10
92,NA,16,13
92,NA,17,13
92,NA,18,27
92,NA,19,27
92,NA,20,48
92,NA,21,207
93,NA,1,1
93,NA,2,1
93,NA,3,1
93,NA,4,1
93,NA,5,2
93,NA,6,2
93,NA,7,2
93,NA,8,2
93,NA,9,2
93,NA,10,2
93,NA,11,3
93,NA,12,5
93,NA,13,8
93,NA,14,11
93,NA,15,15
93,NA,16,16
93,NA,17,21
93,NA,18,56
93,NA,19,939
94,NA,1,1
94,NA,2,1
94,NA,3,1
94,NA,4,1
94,NA,5,1
94,NA,6,1
94,NA,7,2
94,NA,8,2
94,NA,9,3
94,NA,10,3
94,NA,11,4
94,NA,12,4
94,NA,13,5
94,NA,14,7
94,NA,15,10
94,NA,16,12
94,NA,17,14
94,NA,18,19
94,NA,19,26
94,NA,20,36
94,NA,21,39
94,NA,22,55
94,NA,23,430
95,NA,1,1
95,NA,2,1
95,NA,3,1
95,NA,4,1
95,NA,5,1
95,NA,6,1
95,NA,7,1
95,NA,8,1
95,NA,9,1
95,NA,10,1
95,NA,11,1
95,NA,12,1
95,NA,13,1
95,NA,14,1
95,NA,15,2
95,NA,16,2
95,NA,17,2
95,NA,18,2
95,NA,19,2
95,NA,20,2
95,NA,21,3
95,NA,22,3
95,NA,23,3
95,NA,24,3
95,NA,25,3
95,NA,26,3
95,NA,27,6
95,NA,28,6
95,NA,29,8
95,NA,30,8
95,NA,31,13
95,NA,32,16
95,NA,33,16
95,NA,34,17
95,NA,35,17
95,NA,36,18
95,NA,37,18
95,NA,38,26
95,NA,39,27
95,NA,40,30
95,NA,41,39
95,NA,42,142
95,NA,43,230
95,NA,44,1245
96,NA,1,1
96,NA,2,1
96,NA,3,1
96,NA,4,1
96,NA,5,1
96,NA,6,1
96,NA,7,1
96,NA,8,1
96,NA,9,1
96,NA,10,1
96,NA,11,1
96,NA,12,1
96,NA,13,2
96,NA,14,2
96,NA,15,2
96,NA,16,3
96,NA,17,3
96,NA,18,3
96,NA,19,3
96,NA,20,3
96,NA,21,3
96,NA,22,3
96,NA,23,3
96,NA,24,3
96,NA,25,3
96,NA,26,4
96,NA,27,4
96,NA,28,4
96,NA,29,4
96,NA,30,5
96,NA,31,5
96,NA,32,5
96,NA,33,6
96,NA,34,6
96,NA,35,9
96,NA,36,12
96,NA,37,13
96,NA,38,19
96,NA,39,23
96,NA,40,28
96,NA,41,35
96,NA,42,42
96,NA,43,45
96,NA,44,45
96,NA,45,56
96,NA,46,59
96,NA,47,59
96,NA,48,64
96,NA,49,105
96,NA,50,128
96,NA,51,183
96,NA,52,222
96,NA,53,3993
97,NA,1,1
97,NA,2,1
97,NA,3,1
97,NA,4,1
97,NA,5,1
97,NA,6,1
97,NA,7,1
97,NA,8,1
97,NA,9,1
97,NA,10,1
97,NA,11,1
97,NA,12,1
97,NA,13,1
97,NA,14,1
97,NA,15,1
97,NA,16,2
97,NA,17,2
97,NA,18,2
97,NA,19,2
97,NA,20,2
97,NA,21,2
97,NA,22,2
97,NA,23,3
97,NA,24,3
97,NA,25,4
97,NA,26,5
97,NA,27,5
97,NA,28,5
97,NA,29,6
97,NA,30,7
97,NA,31,8
97,NA,32,8
97,NA,33,9
97,NA,34,9
97,NA,35,9
97,NA,36,9
97,NA,37,10
97,NA,38,10
97,NA,39,10
97,NA,40,10
97,NA,41,20
97,NA,42,25
97,NA,43,33
97,NA,44,80
97,NA,45,111
97,NA,46,118
97,NA,47,197
97,NA,48,1951
98,NA,1,1
98,NA,2,1
98,NA,3,1
98,NA,4,1
98,NA,5,1
98,NA,6,1
98,NA,7,1
98,NA,8,1
98,NA,9,1
98,NA,10,1
98,NA,11,1
98,NA,12,1
98,NA,13,1
98,NA,14,1
98,NA,15,1
98,NA,16,1
98,NA,17,1
98,NA,18,1
98,NA,19,1
98,NA,20,1
98,NA,21,2
98,NA,22,2
98,NA,23,2
98,NA,24,2
98,NA,25,2
98,NA,26,2
98,NA,27,2
98,NA,28,3
98,NA,29,3
98,NA,30,4
98,NA,31,4
98,NA,32,4
98,NA,33,5
98,NA,34,8
98,NA,35,8
98,NA,36,12
98,NA,37,14
98,NA,38,15
98,NA,39,18
98,NA,40,19
98,NA,41,20
98,NA,42,29
98,NA,43,37
98,NA,44,44
98,NA,45,48
98,NA,46,76
98,NA,47,87
98,NA,48,176
98,NA,49,218
98,NA,50,308
98,NA,51,2973
141,NA,1,1
141,NA,2,1
141,NA,3,1
141,NA,4,2
141,NA,5,2
141,NA,6,6
141,NA,7,9
141,NA,8,15
141,NA,9,17
141,NA,10,46
142,NA,1,1
142,NA,2,1
142,NA,3,1
142,NA,4,1
142,NA,5,2
142,NA,6,2
142,NA,7,3
142,NA,8,12
142,NA,9,17
142,NA,10,19
143,NA,1,1
143,NA,2,1
143,NA,3,1
143,NA,4,2
143,NA,5,2
143,NA,6,3
144,NA,1,1
144,NA,2,1
144,NA,3,1
144,NA,4,2
144,NA,5,5
145,NA,1,1
145,NA,2,1
145,NA,3,1
145,NA,4,1
145,NA,5,1
145,NA,6,2
145,NA,7,2
145,NA,8,5
145,NA,9,5
145,NA,10,6
145,NA,11,8
145,NA,12,22
145,NA,13,33
145,NA,14,35
145,NA,15,40
145,NA,16,73
145,NA,17,326
146,NA,1,1
146,NA,2,1
146,NA,3,1
146,NA,4,1
146,NA,5,2
146,NA,6,2
146,NA,7,2
146,NA,8,4
146,NA,9,25
146,NA,10,34
146,NA,11,39
146,NA,12,41
146,NA,13,44
146,NA,14,142
147,NA,1,1
147,NA,2,2
147,NA,3,2
147,NA,4,2
147,NA,5,3
148,NA,1,1
148,NA,2,1
148,NA,3,1
148,NA,4,1
148,NA,5,2
148,NA,6,5
149,NA,1,1
149,NA,2,4
149,NA,3,4
149,NA,4,8
149,NA,5,9
149,NA,6,9
149,NA,7,11
150,NA,1,1
150,NA,2,1
150,NA,3,3
150,NA,4,6
151,NA,1,1
151,NA,2,1
151,NA,3,1
151,NA,4,1
151,NA,5,1
151,NA,6,1
151,NA,7,1
151,NA,8,1
151,NA,9,2
151,NA,10,2
151,NA,11,4
151,NA,12,5
151,NA,13,27
151,NA,14,35
151,NA,15,42
151,NA,16,66
151,NA,17,88
151,NA,18,177
152,NA,1,1
152,NA,2,1
152,NA,3,1
152,NA,4,1
152,NA,5,2
152,NA,6,2
152,NA,7,4
152,NA,8,5
152,NA,9,7
152,NA,10,7
152,NA,11,13
152,NA,12,32
152,NA,13,33
152,NA,14,99
153,NA,1,1
153,NA,2,1
153,NA,3,1
153,NA,4,1
153,NA,5,1
153,NA,6,1
153,NA,7,1
153,NA,8,2
153,NA,9,2
153,NA,10,3
153,NA,11,3
153,NA,12,4
153,NA,13,4
153,NA,14,7
153,NA,15,7
153,NA,16,9
153,NA,17,22
153,NA,18,26
153,NA,19,30
153,NA,20,49
153,NA,21,81
153,NA,22,180
153,NA,23,191
153,NA,24,323
153,NA,25,394
153,NA,26,508
153,NA,27,886
153,NA,28,1380
154,NA,1,1
154,NA,2,1
154,NA,3,1
154,NA,4,1
154,NA,5,1
154,NA,6,1
154,NA,7,2
154,NA,8,2
154,NA,9,3
154,NA,10,5
154,NA,11,6
154,NA,12,6
154,NA,13,8
154,NA,14,14
154,NA,15,34
154,NA,16,58
154,NA,17,66
154,NA,18,69
154,NA,19,166
154,NA,20,190
154,NA,21,399
154,NA,22,588
164,NA,1,1
164,NA,2,1
164,NA,3,1
164,NA,4,1
164,NA,5,1
164,NA,6,1
164,NA,7,1
164,NA,8,1
164,NA,9,1
164,NA,10,1
164,NA,11,1
164,NA,12,1
164,NA,13,1
164,NA,14,1
164,NA,15,1
164,NA,16,1
164,NA,17,1
164,NA,18,1
164,NA,19,1
164,NA,20,1
164,NA,21,1
164,NA,22,1
164,NA,23,1
164,NA,24,1
164,NA,25,1
164,NA,26,1
164,NA,27,1
164,NA,28,1
164,NA,29,1
164,NA,30,1
164,NA,31,1
164,NA,32,1
164,NA,33,1
164,NA,34,1
164,NA,35,1
164,NA,36,1
164,NA,37,1
164,NA,38,1
164,NA,39,1
164,NA,40,1
164,NA,41,1
164,NA,42,1
164,NA,43,1
164,NA,44,1
164,NA,45,1
164,NA,46,1
164,NA,47,1
164,NA,48,1
164,NA,49,1
164,NA,50,1
164,NA,51,1
164,NA,52,1
164,NA,53,1
164,NA,54,1
164,NA,55,1
164,NA,56,2
164,NA,57,2
164,NA,58,2
164,NA,59,2
164,NA,60,2
164,NA,61,2
164,NA,62,2
164,NA,63,2
164,NA,64,2
164,NA,65,2
164,NA,66,2
164,NA,67,2
164,NA,68,2
164,NA,69,2
164,NA,70,2
164,NA,71,2
164,NA,72,2
164,NA,73,2
164,NA,74,2
164,NA,75,2
164,NA,76,2
164,NA,77,3
164,NA,78,3
164,NA,79,3
164,NA,80,3
164,NA,81,3
164,NA,82,3
164,NA,83,3
164,NA,84,3
164,NA,85,3
164,NA,86,3
164,NA,87,3
164,NA,88,3
164,NA,89,3
164,NA,90,3
164,NA,91,4
164,NA,92,4
164,NA,93,4
164,NA,94,4
164,NA,95,4
164,NA,96,4
164,NA,97,5
164,NA,98,5
164,NA,99,6
164,NA,100,6
164,NA,101,6
164,NA,102,6
164,NA,103,6
164,NA,104,6
164,NA,105,6
164,NA,106,7
164,NA,107,7
164,NA,108,7
164,NA,109,7
164,NA,110,8
164,NA,111,8
164,NA,112,8
164,NA,113,8
164,NA,114,8
164,NA,115,9
164,NA,116,9
164,NA,117,9
164,NA,118,9
164,NA,119,9
164,NA,120,10
164,NA,121,10
164,NA,122,10
164,NA,123,10
164,NA,124,10
164,NA,125,11
164,NA,126,11
164,NA,127,12
164,NA,128,12
164,NA,129,13
164,NA,130,14
164,NA,131,15
164,NA,132,17
164,NA,133,18
164,NA,134,18
164,NA,135,19
164,NA,136,21
164,NA,137,21
164,NA,138,24
164,NA,139,25
164,NA,140,26
164,NA,141,29
164,NA,142,30
164,NA,143,31
164,NA,144,33
164,NA,145,34
164,NA,146,36
164,NA,147,36
164,NA,148,39
164,NA,149,42
164,NA,150,47
164,NA,151,48
164,NA,152,49
164,NA,153,52
164,NA,154,53
164,NA,155,55
164,NA,156,55
164,NA,157,57
164,NA,158,65
164,NA,159,67
164,NA,160,71
164,NA,161,89
164,NA,162,117
164,NA,163,139
164,NA,164,142
164,NA,165,151
164,NA,166,397
164,NA,167,581
165,NA,1,1
165,NA,2,1
165,NA,3,1
165,NA,4,1
165,NA,5,1
165,NA,6,1
165,NA,7,1
165,NA,8,1
165,NA,9,1
165,NA,10,1
165,NA,11,1
165,NA,12,1
165,NA,13,1
165,NA,14,1
165,NA,15,1
165,NA,16,1
165,NA,17,1
165,NA,18,1
165,NA,19,1
165,NA,20,1
165,NA,21,1
165,NA,22,1
165,NA,23,1
165,NA,24,1
165,NA,25,1
165,NA,26,1
165,NA,27,1
165,NA,28,1
165,NA,29,1
165,NA,30,1
165,NA,31,1
165,NA,32,1
165,NA,33,1
165,NA,34,1
165,NA,35,1
165,NA,36,1
165,NA,37,1
165,NA,38,1
165,NA,39,1
165,NA,40,1
165,NA,41,1
165,NA,42,2
165,NA,43,2
165,NA,44,2
165,NA,45,2
165,NA,46,2
165,NA,47,2
165,NA,48,2
165,NA,49,2
165,NA,50,2
165,NA,51,2
165,NA,52,2
165,NA,53,2
165,NA,54,2
165,NA,55,2
165,NA,56,2
165,NA,57,2
165,NA,58,2
165,NA,59,2
165,NA,60,2
165,NA,61,2
165,NA,62,3
165,NA,63,3
165,NA,64,3
165,NA,65,3
165,NA,66,3
165,NA,67,3
165,NA,68,3
165,NA,69,4
165,NA,70,4
165,NA,71,4
165,NA,72,4
165,NA,73,4
165,NA,74,4
165,NA,75,4
165,NA,76,5
165,NA,77,5
165,NA,78,6
165,NA,79,6
165,NA,80,6
165,NA,81,6
165,NA,82,7
165,NA,83,8
165,NA,84,10
165,NA,85,10
165,NA,86,11
165,NA,87,11
165,NA,88,11
165,NA,89,11
165,NA,90,12
165,NA,91,13
165,NA,92,14
165,NA,93,14
165,NA,94,15
165,NA,95,15
165,NA,96,16
165,NA,97,17
165,NA,98,18
165,NA,99,19
165,NA,100,21
165,NA,101,22
165,NA,102,24
165,NA,103,25
165,NA,104,26
165,NA,105,27
165,NA,106,32
165,NA,107,32
165,NA,108,33
165,NA,109,40
165,NA,110,43
165,NA,111,52
165,NA,112,60
165,NA,113,72
165,NA,114,81
165,NA,115,96
165,NA,116,97
165,NA,117,132
165,NA,118,175
165,NA,119,255
165,NA,120,259
165,NA,121,343
165,NA,122,386
165,NA,123,470
166,NA,1,1
166,NA,2,1
166,NA,3,1
166,NA,4,1
166,NA,5,1
166,NA,6,1
166,NA,7,1
166,NA,8,1
166,NA,9,1
166,NA,10,1
166,NA,11,1
166,NA,12,1
166,NA,13,1
166,NA,14,1
166,NA,15,1
166,NA,16,1
166,NA,17,1
166,NA,18,1
166,NA,19,1
166,NA,20,1
166,NA,21,1
166,NA,22,1
166,NA,23,1
166,NA,24,1
166,NA,25,1
166,NA,26,1
166,NA,27,1
166,NA,28,1
166,NA,29,1
166,NA,30,1
166,NA,31,1
166,NA,32,1
166,NA,33,1
166,NA,34,1
166,NA,35,1
166,NA,36,1
166,NA,37,1
166,NA,38,1
166,NA,39,1
166,NA,40,1
166,NA,41,1
166,NA,42,1
166,NA,43,1
166,NA,44,1
166,NA,45,1
166,NA,46,1
166,NA,47,1
166,NA,48,1
166,NA,49,1
166,NA,50,1
166,NA,51,2
166,NA,52,2
166,NA,53,2
166,NA,54,2
166,NA,55,2
166,NA,56,2
166,NA,57,2
166,NA,58,2
166,NA,59,2
166,NA,60,2
166,NA,61,2
166,NA,62,2
166,NA,63,2
166,NA,64,2
166,NA,65,2
166,NA,66,2
166,NA,67,2
166,NA,68,2
166,NA,69,2
166,NA,70,2
166,NA,71,2
166,NA,72,2
166,NA,73,2
166,NA,74,2
166,NA,75,2
166,NA,76,3
166,NA,77,3
166,NA,78,3
166,NA,79,3
166,NA,80,3
166,NA,81,3
166,NA,82,3
166,NA,83,3
166,NA,84,3
166,NA,85,3
166,NA,86,3
166,NA,87,3
166,NA,88,3
166,NA,89,4
166,NA,90,4
166,NA,91,4
166,NA,92,4
166,NA,93,4
166,NA,94,4
166,NA,95,4
166,NA,96,4
166,NA,97,4
166,NA,98,4
166,NA,99,4
166,NA,100,5
166,NA,101,5
166,NA,102,5
166,NA,103,5
166,NA,104,5
166,NA,105,5
166,NA,106,5
166,NA,107,5
166,NA,108,6
166,NA,109,6
166,NA,110,6
166,NA,111,6
166,NA,112,6
166,NA,113,6
166,NA,114,6
166,NA,115,6
166,NA,116,7
166,NA,117,7
166,NA,118,7
166,NA,119,8
166,NA,120,8
166,NA,121,8
166,NA,122,8
166,NA,123,8
166,NA,124,9
166,NA,125,9
166,NA,126,10
166,NA,127,10
166,NA,128,10
166,NA,129,11
166,NA,130,11
166,NA,131,11
166,NA,132,11
166,NA,133,12
166,NA,134,12
166,NA,135,12
166,NA,136,12
166,NA,137,12
166,NA,138,12
166,NA,139,13
166,NA,140,13
166,NA,141,13
166,NA,142,13
166,NA,143,13
166,NA,144,14
166,NA,145,15
166,NA,146,17
166,NA,147,19
166,NA,148,19
166,NA,149,19
166,NA,150,20
166,NA,151,20
166,NA,152,21
166,NA,153,22
166,NA,154,22
166,NA,155,22
166,NA,156,24
166,NA,157,25
166,NA,158,26
166,NA,159,26
166,NA,160,27
166,NA,161,28
166,NA,162,30
166,NA,163,30
166,NA,164,32
166,NA,165,32
166,NA,166,35
166,NA,167,39
166,NA,168,41
166,NA,169,42
166,NA,170,43
166,NA,171,44
166,NA,172,48
166,NA,173,48
166,NA,174,48
166,NA,175,50
166,NA,176,51
166,NA,177,52
166,NA,178,58
166,NA,179,63
166,NA,180,73
166,NA,181,82
166,NA,182,91
166,NA,183,118
166,NA,184,125
166,NA,185,132
166,NA,186,140
166,NA,187,164
166,NA,188,214
166,NA,189,328
167,NA,1,1
167,NA,2,1
167,NA,3,1
167,NA,4,1
167,NA,5,1
167,NA,6,1
167,NA,7,1
167,NA,8,1
167,NA,9,1
167,NA,10,1
167,NA,11,1
167,NA,12,1
167,NA,13,1
167,NA,14,1
167,NA,15,1
167,NA,16,1
167,NA,17,1
167,NA,18,1
167,NA,19,1
167,NA,20,1
167,NA,21,1
167,NA,22,1
167,NA,23,1
167,NA,24,1
167,NA,25,1
167,NA,26,1
167,NA,27,1
167,NA,28,1
167,NA,29,1
167,NA,30,1
167,NA,31,1
167,NA,32,1
167,NA,33,1
167,NA,34,1
167,NA,35,1
167,NA,36,1
167,NA,37,1
167,NA,38,1
167,NA,39,1
167,NA,40,1
167,NA,41,1
167,NA,42,1
167,NA,43,1
167,NA,44,2
167,NA,45,2
167,NA,46,2
167,NA,47,2
167,NA,48,2
167,NA,49,2
167,NA,50,2
167,NA,51,2
167,NA,52,2
167,NA,53,2
167,NA,54,2
167,NA,55,2
167,NA,56,2
167,NA,57,2
167,NA,58,2
167,NA,59,2
167,NA,60,2
167,NA,61,2
167,NA,62,2
167,NA,63,3
167,NA,64,3
167,NA,65,3
167,NA,66,3
167,NA,67,3
167,NA,68,3
167,NA,69,3
167,NA,70,3
167,NA,71,3
167,NA,72,3
167,NA,73,3
167,NA,74,3
167,NA,75,3
167,NA,76,3
167,NA,77,3
167,NA,78,4
167,NA,79,4
167,NA,80,4
167,NA,81,4
167,NA,82,4
167,NA,83,4
167,NA,84,4
167,NA,85,4
167,NA,86,4
167,NA,87,4
167,NA,88,5
167,NA,89,5
167,NA,90,6
167,NA,91,6
167,NA,92,7
167,NA,93,7
167,NA,94,7
167,NA,95,7
167,NA,96,8
167,NA,97,8
167,NA,98,8
167,NA,99,8
167,NA,100,9
167,NA,101,10
167,NA,102,10
167,NA,103,11
167,NA,104,11
167,NA,105,11
167,NA,106,13
167,NA,107,13
167,NA,108,14
167,NA,109,14
167,NA,110,15
167,NA,111,15
167,NA,112,15
167,NA,113,16
167,NA,114,17
167,NA,115,19
167,NA,116,20
167,NA,117,20
167,NA,118,21
167,NA,119,23
167,NA,120,24
167,NA,121,24
167,NA,122,25
167,NA,123,25
167,NA,124,26
167,NA,125,31
167,NA,126,32
167,NA,127,33
167,NA,128,33
167,NA,129,55
167,NA,130,62
167,NA,131,62
167,NA,132,63
167,NA,133,68
167,NA,134,71
167,NA,135,96
167,NA,136,103
167,NA,137,113
167,NA,138,113
167,NA,139,132
167,NA,140,160
167,NA,141,179
167,NA,142,186
167,NA,143,370
167,NA,144,569
168,NA,1,1
168,NA,2,1
168,NA,3,1
168,NA,4,1
168,NA,5,1
168,NA,6,1
168,NA,7,1
168,NA,8,1
168,NA,9,1
168,NA,10,1
168,NA,11,1
168,NA,12,1
168,NA,13,1
168,NA,14,1
168,NA,15,1
168,NA,16,1
168,NA,17,1
168,NA,18,1
168,NA,19,1
168,NA,20,1
168,NA,21,1
168,NA,22,1
168,NA,23,1
168,NA,24,1
168,NA,25,1
168,NA,26,1
168,NA,27,1
168,NA,28,1
168,NA,29,1
168,NA,30,1
168,NA,31,2
168,NA,32,2
168,NA,33,2
168,NA,34,2
168,NA,35,2
168,NA,36,2
168,NA,37,2
168,NA,38,2
168,NA,39,2
168,NA,40,2
168,NA,41,2
168,NA,42,2
168,NA,43,3
168,NA,44,3
168,NA,45,3
168,NA,46,3
168,NA,47,3
168,NA,48,3
168,NA,49,3
168,NA,50,3
168,NA,51,4
168,NA,52,4
168,NA,53,4
168,NA,54,4
168,NA,55,5
168,NA,56,5
168,NA,57,5
168,NA,58,6
168,NA,59,6
168,NA,60,6
168,NA,61,6
168,NA,62,6
168,NA,63,7
168,NA,64,7
168,NA,65,7
168,NA,66,8
168,NA,67,8
168,NA,68,9
168,NA,69,10
168,NA,70,10
168,NA,71,11
168,NA,72,12
168,NA,73,12
168,NA,74,12
168,NA,75,13
168,NA,76,13
168,NA,77,13
168,NA,78,14
168,NA,79,15
168,NA,80,15
168,NA,81,17
168,NA,82,17
168,NA,83,19
168,NA,84,19
168,NA,85,20
168,NA,86,20
168,NA,87,20
168,NA,88,21
168,NA,89,22
168,NA,90,24
168,NA,91,24
168,NA,92,27
168,NA,93,29
168,NA,94,29
168,NA,95,30
168,NA,96,34
168,NA,97,36
168,NA,98,38
168,NA,99,41
168,NA,100,48
168,NA,101,51
168,NA,102,53
168,NA,103,57
168,NA,104,70
168,NA,105,70
168,NA,106,79
168,NA,107,84
168,NA,108,87
168,NA,109,97
168,NA,110,143
168,NA,111,156
168,NA,112,156
168,NA,113,249
168,NA,114,384
168,NA,115,441
168,NA,116,463
168,NA,117,690
169,NA,1,1
169,NA,2,1
169,NA,3,1
169,NA,4,1
169,NA,5,1
169,NA,6,1
169,NA,7,1
169,NA,8,1
169,NA,9,1
169,NA,10,1
169,NA,11,1
169,NA,12,1
169,NA,13,1
169,NA,14,2
169,NA,15,2
169,NA,16,2
169,NA,17,2
169,NA,18,2
169,NA,19,2
169,NA,20,2
169,NA,21,2
169,NA,22,2
169,NA,23,3
169,NA,24,3
169,NA,25,3
169,NA,26,3
169,NA,27,4
169,NA,28,4
169,NA,29,4
169,NA,30,4
169,NA,31,5
169,NA,32,5
169,NA,33,6
169,NA,34,6
169,NA,35,6
169,NA,36,6
169,NA,37,9
169,NA,38,10
169,NA,39,10
169,NA,40,14
169,NA,41,18
169,NA,42,19
169,NA,43,21
169,NA,44,24
169,NA,45,25
169,NA,46,34
169,NA,47,36
169,NA,48,57
169,NA,49,58
169,NA,50,67
169,NA,51,68
169,NA,52,69
169,NA,53,74
169,NA,54,81
169,NA,55,91
169,NA,56,93
169,NA,57,98
169,NA,58,108
169,NA,59,117
169,NA,60,134
169,NA,61,180
169,NA,62,190
169,NA,63,222
169,NA,64,238
169,NA,65,288
169,NA,66,304
169,NA,67,350
170,NA,1,1
170,NA,2,1
170,NA,3,1
170,NA,4,1
170,NA,5,1
170,NA,6,1
170,NA,7,1
170,NA,8,1
170,NA,9,1
170,NA,10,1
170,NA,11,1
170,NA,12,1
170,NA,13,1
170,NA,14,1
170,NA,15,1
170,NA,16,2
170,NA,17,2
170,NA,18,2
170,NA,19,2
170,NA,20,2
170,NA,21,3
170,NA,22,3
170,NA,23,3
170,NA,24,4
170,NA,25,5
170,NA,26,6
170,NA,27,6
170,NA,28,7
170,NA,29,7
170,NA,30,7
170,NA,31,12
170,NA,32,18
170,NA,33,58
170,NA,34,62
170,NA,35,65
170,NA,36,85
170,NA,37,90
170,NA,38,450
171,NA,1,1
171,NA,2,1
171,NA,3,1
171,NA,4,1
171,NA,5,1
171,NA,6,1
171,NA,7,1
171,NA,8,1
171,NA,9,1
171,NA,10,1
171,NA,11,2
171,NA,12,2
171,NA,13,2
171,NA,14,2
171,NA,15,2
171,NA,16,3
171,NA,17,3
171,NA,18,3
171,NA,19,5
171,NA,20,5
171,NA,21,5
171,NA,22,6
171,NA,23,7
171,NA,24,8
171,NA,25,11
171,NA,26,12
171,NA,27,14
171,NA,28,15
171,NA,29,17
171,NA,30,17
171,NA,31,19
171,NA,32,21
171,NA,33,22
171,NA,34,25
171,NA,35,34
171,NA,36,38
171,NA,37,81
171,NA,38,145
171,NA,39,187
172,NA,1,1
172,NA,2,1
172,NA,3,1
172,NA,4,1
172,NA,5,1
172,NA,6,1
172,NA,7,1
172,NA,8,1
172,NA,9,1
172,NA,10,1
172,NA,11,1
172,NA,12,1
172,NA,13,2
172,NA,14,2
172,NA,15,2
172,NA,16,2
172,NA,17,2
172,NA,18,3
172,NA,19,3
172,NA,20,4
172,NA,21,4
172,NA,22,5
172,NA,23,6
172,NA,24,6
172,NA,25,7
172,NA,26,7
172,NA,27,7
172,NA,28,7
172,NA,29,8
172,NA,30,8
172,NA,31,9
172,NA,32,11
172,NA,33,14
172,NA,34,14
172,NA,35,17
172,NA,36,19
172,NA,37,78
172,NA,38,91
172,NA,39,98
172,NA,40,312
173,NA,1,1
173,NA,2,1
173,NA,3,1
173,NA,4,1
173,NA,5,1
173,NA,6,1
173,NA,7,1
173,NA,8,1
173,NA,9,2
173,NA,10,2
173,NA,11,3
173,NA,12,3
173,NA,13,3
173,NA,14,4
173,NA,15,4
173,NA,16,5
173,NA,17,5
173,NA,18,6
173,NA,19,6
173,NA,20,9
173,NA,21,10
173,NA,22,10
173,NA,23,10
173,NA,24,11
173,NA,25,11
173,NA,26,17
173,NA,27,21
173,NA,28,26
173,NA,29,48
173,NA,30,85
173,NA,31,86
174,NA,1,1
174,NA,2,1
174,NA,3,1
174,NA,4,1
174,NA,5,1
174,NA,6,1
174,NA,7,2
174,NA,8,2
174,NA,9,2
174,NA,10,3
174,NA,11,3
174,NA,12,3
174,NA,13,3
174,NA,14,3
174,NA,15,4
174,NA,16,4
174,NA,17,5
174,NA,18,6
174,NA,19,7
174,NA,20,8
174,NA,21,9
174,NA,22,17
174,NA,23,22
174,NA,24,32
174,NA,25,49
174,NA,26,54
174,NA,27,57
174,NA,28,72
174,NA,29,168
174,NA,30,186
174,NA,31,207
174,NA,32,401
175,NA,1,1
175,NA,2,1
175,NA,3,1
175,NA,4,1
175,NA,5,1
175,NA,6,1
175,NA,7,1
175,NA,8,1
175,NA,9,1
175,NA,10,2
175,NA,11,2
175,NA,12,2
175,NA,13,3
175,NA,14,6
175,NA,15,6
175,NA,16,7
175,NA,17,7
175,NA,18,7
175,NA,19,9
175,NA,20,13
175,NA,21,16
175,NA,22,16
175,NA,23,19
175,NA,24,48
175,NA,25,84
175,NA,26,158
175,NA,27,267
175,NA,28,373
175,NA,29,597
176,NA,1,1
176,NA,2,1
176,NA,3,1
176,NA,4,1
176,NA,5,1
176,NA,6,1
176,NA,7,1
176,NA,8,1
176,NA,9,1
176,NA,10,1
176,NA,11,1
176,NA,12,1
176,NA,13,1
176,NA,14,1
176,NA,15,1
176,NA,16,1
176,NA,17,2
176,NA,18,2
176,NA,19,2
176,NA,20,2
176,NA,21,2
176,NA,22,3
176,NA,23,3
176,NA,24,3
176,NA,25,4
176,NA,26,4
176,NA,27,5
176,NA,28,10
177,NA,1,1
177,NA,2,1
177,NA,3,1
177,NA,4,1
177,NA,5,1
177,NA,6,1
177,NA,7,1
177,NA,8,1
177,NA,9,1
177,NA,10,1
177,NA,11,1
177,NA,12,1
177,NA,13,1
177,NA,14,1
177,NA,15,1
177,NA,16,1
177,NA,17,2
177,NA,18,2
177,NA,19,2
177,NA,20,2
177,NA,21,2
177,NA,22,2
177,NA,23,3
177,NA,24,3
177,NA,25,4
177,NA,26,4
177,NA,27,5
177,NA,28,6
177,NA,29,7
178,NA,1,1
178,NA,2,1
178,NA,3,1
178,NA,4,1
178,NA,5,1
178,NA,6,1
178,NA,7,1
178,NA,8,1
178,NA,9,1
178,NA,10,1
178,NA,11,1
178,NA,12,1
178,NA,13,1
178,NA,14,1
178,NA,15,1
178,NA,16,1
178,NA,17,1
178,NA,18,1
178,NA,19,1
178,NA,20,1
178,NA,21,1
178,NA,22,2
178,NA,23,2
178,NA,24,2
178,NA,25,2
178,NA,26,2
178,NA,27,3
178,NA,28,3
178,NA,29,3
178,NA,30,3
178,NA,31,3
178,NA,32,3
178,NA,33,5
179,NA,1,1
179,NA,2,1
179,NA,3,1
179,NA,4,1
179,NA,5,1
179,NA,6,1
179,NA,7,1
179,NA,8,1
179,NA,9,1
179,NA,10,1
179,NA,11,1
179,NA,12,1
179,NA,13,1
179,NA,14,1
179,NA,15,1
179,NA,16,1
179,NA,17,1
179,NA,18,1
179,NA,19,2
179,NA,20,2
179,NA,21,2
179,NA,22,2
179,NA,23,2
179,NA,24,2
179,NA,25,2
179,NA,26,3
179,NA,27,3
179,NA,28,3
179,NA,29,6
179,NA,30,6
180,NA,1,1
180,NA,2,1
180,NA,3,1
180,NA,4,1
180,NA,5,1
180,NA,6,1
180,NA,7,1
180,NA,8,1
180,NA,9,1
180,NA,10,1
180,NA,11,1
180,NA,12,1
180,NA,13,1
180,NA,14,1
180,NA,15,1
180,NA,16,2
180,NA,17,2
180,NA,18,2
180,NA,19,2
180,NA,20,2
180,NA,21,2
180,NA,22,3
180,NA,23,3
180,NA,24,3
180,NA,25,3
180,NA,26,3
180,NA,27,4
180,NA,28,4
180,NA,29,7
181,NA,1,1
181,NA,2,1
181,NA,3,1
181,NA,4,1
181,NA,5,1
181,NA,6,1
181,NA,7,1
181,NA,8,1
181,NA,9,1
181,NA,10,1
181,NA,11,1
181,NA,12,1
181,NA,13,1
181,NA,14,1
181,NA,15,1
181,NA,16,1
181,NA,17,1
181,NA,18,2
181,NA,19,2
181,NA,20,2
181,NA,21,2
181,NA,22,2
181,NA,23,2
181,NA,24,2
181,NA,25,2
181,NA,26,3
181,NA,27,3
181,NA,28,3
181,NA,29,6
181,NA,30,9
181,NA,31,9
182,NA,1,1
182,NA,2,1
182,NA,3,1
182,NA,4,1
182,NA,5,1
182,NA,6,1
182,NA,7,1
182,NA,8,1
182,NA,9,1
182,NA,10,1
182,NA,11,1
182,NA,12,1
182,NA,13,1
182,NA,14,1
182,NA,15,1
182,NA,16,1
182,NA,17,1
182,NA,18,1
182,NA,19,1
182,NA,20,1
182,NA,21,1
182,NA,22,1
182,NA,23,1
182,NA,24,1
182,NA,25,1
182,NA,26,1
182,NA,27,1
182,NA,28,1
182,NA,29,1
182,NA,30,1
182,NA,31,1
182,NA,32,1
182,NA,33,1
182,NA,34,1
182,NA,35,1
182,NA,36,2
182,NA,37,2
182,NA,38,2
182,NA,39,2
182,NA,40,2
182,NA,41,2
182,NA,42,2
182,NA,43,2
182,NA,44,2
182,NA,45,2
182,NA,46,2
182,NA,47,2
182,NA,48,2
182,NA,49,2
182,NA,50,2
182,NA,51,3
182,NA,52,5
183,NA,1,1
183,NA,2,1
183,NA,3,1
183,NA,4,1
183,NA,5,1
183,NA,6,2
183,NA,7,2
183,NA,8,2
183,NA,9,2
183,NA,10,5
183,NA,11,5
183,NA,12,6
183,NA,13,9
183,NA,14,11
184,NA,1,1
184,NA,2,1
184,NA,3,1
184,NA,4,1
184,NA,5,1
184,NA,6,1
184,NA,7,1
184,NA,8,1
184,NA,9,1
184,NA,10,1
184,NA,11,1
184,NA,12,1
184,NA,13,1
184,NA,14,1
184,NA,15,1
184,NA,16,1
184,NA,17,1
184,NA,18,1
184,NA,19,1
184,NA,20,1
184,NA,21,1
184,NA,22,1
184,NA,23,1
184,NA,24,1
184,NA,25,1
184,NA,26,1
184,NA,27,1
184,NA,28,1
184,NA,29,1
184,NA,30,1
184,NA,31,1
184,NA,32,1
184,NA,33,1
184,NA,34,1
184,NA,35,1
184,NA,36,1
184,NA,37,2
184,NA,38,2
184,NA,39,2
184,NA,40,2
184,NA,41,2
184,NA,42,2
184,NA,43,2
184,NA,44,3
184,NA,45,3
185,NA,1,1
185,NA,2,1
185,NA,3,1
185,NA,4,1
185,NA,5,1
185,NA,6,1
185,NA,7,1
185,NA,8,1
185,NA,9,1
185,NA,10,1
185,NA,11,1
185,NA,12,1
185,NA,13,1
185,NA,14,1
185,NA,15,1
185,NA,16,1
185,NA,17,1
185,NA,18,1
185,NA,19,1
185,NA,20,1
185,NA,21,1
185,NA,22,1
185,NA,23,1
185,NA,24,1
185,NA,25,1
185,NA,26,1
185,NA,27,1
185,NA,28,1
185,NA,29,1
185,NA,30,1
185,NA,31,1
185,NA,32,1
185,NA,33,1
185,NA,34,1
185,NA,35,1
185,NA,36,1
185,NA,37,2
185,NA,38,2
185,NA,39,2
185,NA,40,2
185,NA,41,2
185,NA,42,2
185,NA,43,2
185,NA,44,2
185,NA,45,3
185,NA,46,3
185,NA,47,3
185,NA,48,4
186,NA,1,1
186,NA,2,1
186,NA,3,1
186,NA,4,1
186,NA,5,1
186,NA,6,1
186,NA,7,1
186,NA,8,1
186,NA,9,1
186,NA,10,1
186,NA,11,1
186,NA,12,1
186,NA,13,1
186,NA,14,1
186,NA,15,1
186,NA,16,1
186,NA,17,1
186,NA,18,1
186,NA,19,1
186,NA,20,1
186,NA,21,1
186,NA,22,1
186,NA,23,1
186,NA,24,1
186,NA,25,1
186,NA,26,1
186,NA,27,1
186,NA,28,1
186,NA,29,1
186,NA,30,1
186,NA,31,2
186,NA,32,2
186,NA,33,2
186,NA,34,2
186,NA,35,2
186,NA,36,3
187,NA,1,1
187,NA,2,1
187,NA,3,1
187,NA,4,1
187,NA,5,1
187,NA,6,1
187,NA,7,1
187,NA,8,1
187,NA,9,1
187,NA,10,1
187,NA,11,1
187,NA,12,1
187,NA,13,1
187,NA,14,1
187,NA,15,1
187,NA,16,1
187,NA,17,1
187,NA,18,1
187,NA,19,1
187,NA,20,1
187,NA,21,1
187,NA,22,1
187,NA,23,1
187,NA,24,1
187,NA,25,1
187,NA,26,1
187,NA,27,2
187,NA,28,2
187,NA,29,2
187,NA,30,2
187,NA,31,5
188,NA,1,1
188,NA,2,1
188,NA,3,1
188,NA,4,1
188,NA,5,1
188,NA,6,1
188,NA,7,1
188,NA,8,1
188,NA,9,1
188,NA,10,1
188,NA,11,1
188,NA,12,2
188,NA,13,2
188,NA,14,2
188,NA,15,2
188,NA,16,2
188,NA,17,3
188,NA,18,3
188,NA,19,3
188,NA,20,4
188,NA,21,5
188,NA,22,5
189,NA,1,1
189,NA,2,1
189,NA,3,1
189,NA,4,1
189,NA,5,1
189,NA,6,1
189,NA,7,1
189,NA,8,1
189,NA,9,1
189,NA,10,1
189,NA,11,1
189,NA,12,1
189,NA,13,2
189,NA,14,2
189,NA,15,4
189,NA,16,4
189,NA,17,7
190,NA,1,1
190,NA,2,1
190,NA,3,1
190,NA,4,1
190,NA,5,1
190,NA,6,1
190,NA,7,1
190,NA,8,1
190,NA,9,1
190,NA,10,1
190,NA,11,1
190,NA,12,1
190,NA,13,1
190,NA,14,1
190,NA,15,1
190,NA,16,1
190,NA,17,1
190,NA,18,1
190,NA,19,1
190,NA,20,1
190,NA,21,1
190,NA,22,1
190,NA,23,1
190,NA,24,1
190,NA,25,1
190,NA,26,1
190,NA,27,1
190,NA,28,1
190,NA,29,1
190,NA,30,1
190,NA,31,1
190,NA,32,2
190,NA,33,2
190,NA,34,2
190,NA,35,2
190,NA,36,2
190,NA,37,2
190,NA,38,2
190,NA,39,2
190,NA,40,2
190,NA,41,3
190,NA,42,3
190,NA,43,3
190,NA,44,3
190,NA,45,5
190,NA,46,5
190,NA,47,5
190,NA,48,5
190,NA,49,7
190,NA,50,7
190,NA,51,8
190,NA,52,8
190,NA,53,11
190,NA,54,28
190,NA,55,55
190,NA,56,65
191,NA,1,1
191,NA,2,1
191,NA,3,1
191,NA,4,1
191,NA,5,1
191,NA,6,1
191,NA,7,1
191,NA,8,1
191,NA,9,1
191,NA,10,1
191,NA,11,1
191,NA,12,1
191,NA,13,1
191,NA,14,1
191,NA,15,1
191,NA,16,1
191,NA,17,1
191,NA,18,1
191,NA,19,1
191,NA,20,1
191,NA,21,1
191,NA,22,2
191,NA,23,2
191,NA,24,2
191,NA,25,2
191,NA,26,2
191,NA,27,2
191,NA,28,2
191,NA,29,2
191,NA,30,2
191,NA,31,2
191,NA,32,2
191,NA,33,2
191,NA,34,2
191,NA,35,2
191,NA,36,2
191,NA,37,2
191,NA,38,2
191,NA,39,3
191,NA,40,3
191,NA,41,3
191,NA,42,3
191,NA,43,3
191,NA,44,5
191,NA,45,5
191,NA,46,5
191,NA,47,5
191,NA,48,5
191,NA,49,6
191,NA,50,6
191,NA,51,7
191,NA,52,7
191,NA,53,8
191,NA,54,10
191,NA,55,11
191,NA,56,11
191,NA,57,13
191,NA,58,13
191,NA,59,18
191,NA,60,22
191,NA,61,24
191,NA,62,29
191,NA,63,30
192,NA,1,1
192,NA,2,1
192,NA,3,1
192,NA,4,1
192,NA,5,1
192,NA,6,1
192,NA,7,1
192,NA,8,1
192,NA,9,1
192,NA,10,1
192,NA,11,1
192,NA,12,1
192,NA,13,1
192,NA,14,1
192,NA,15,1
192,NA,16,1
192,NA,17,1
192,NA,18,1
192,NA,19,1
192,NA,20,1
192,NA,21,1
192,NA,22,1
192,NA,23,1
192,NA,24,1
192,NA,25,2
192,NA,26,2
192,NA,27,2
192,NA,28,2
192,NA,29,2
192,NA,30,2
192,NA,31,2
192,NA,32,2
192,NA,33,2
192,NA,34,2
192,NA,35,3
192,NA,36,3
192,NA,37,4
192,NA,38,4
192,NA,39,4
192,NA,40,5
192,NA,41,6
192,NA,42,6
192,NA,43,7
192,NA,44,10
192,NA,45,12
192,NA,46,12
192,NA,47,22
192,NA,48,22
192,NA,49,24
192,NA,50,27
192,NA,51,28
192,NA,52,30
192,NA,53,66
192,NA,54,73
193,NA,1,1
193,NA,2,1
193,NA,3,1
193,NA,4,1
193,NA,5,1
193,NA,6,1
193,NA,7,1
193,NA,8,1
193,NA,9,1
193,NA,10,2
193,NA,11,2
193,NA,12,2
193,NA,13,2
193,NA,14,2
193,NA,15,2
193,NA,16,3
193,NA,17,3
193,NA,18,3
193,NA,19,4
193,NA,20,5
193,NA,21,7
193,NA,22,7
193,NA,23,10
193,NA,24,11
193,NA,25,11
193,NA,26,18
193,NA,27,72
231,NA,1,1
231,NA,2,2
231,NA,3,4
231,NA,4,8
231,NA,5,15
232,NA,1,2
232,NA,2,9
232,NA,3,39
232,NA,4,73
233,NA,1,1
233,NA,2,1
233,NA,3,2
233,NA,4,2
233,NA,5,2
233,NA,6,6
233,NA,7,7
234,NA,1,1
234,NA,2,1
234,NA,3,1
234,NA,4,1
234,NA,5,1
234,NA,6,1
234,NA,7,2
234,NA,8,2
234,NA,9,3
234,NA,10,4
234,NA,11,5
234,NA,12,34
235,NA,1,1
235,NA,2,1
235,NA,3,1
235,NA,4,1
235,NA,5,2
235,NA,6,2
235,NA,7,2
235,NA,8,2
235,NA,9,2
235,NA,10,3
235,NA,11,3
235,NA,12,3
235,NA,13,4
235,NA,14,4
235,NA,15,4
235,NA,16,4
235,NA,17,5
235,NA,18,5
235,NA,19,5
235,NA,20,5
235,NA,21,5
235,NA,22,5
235,NA,23,6
235,NA,24,6
235,NA,25,7
235,NA,26,7
235,NA,27,10
235,NA,28,10
235,NA,29,10
235,NA,30,10
235,NA,31,14
235,NA,32,14
235,NA,33,17
235,NA,34,19
235,NA,35,23
235,NA,36,25
235,NA,37,25
235,NA,38,26
235,NA,39,32
235,NA,40,51
236,NA,1,1
236,NA,2,1
236,NA,3,1
236,NA,4,1
236,NA,5,1
236,NA,6,1
236,NA,7,1
236,NA,8,1
236,NA,9,1
236,NA,10,2
236,NA,11,2
236,NA,12,2
236,NA,13,2
236,NA,14,2
236,NA,15,2
236,NA,16,2
236,NA,17,2
236,NA,18,2
236,NA,19,2
236,NA,20,2
236,NA,21,3
236,NA,22,3
236,NA,23,3
236,NA,24,3
236,NA,25,3
236,NA,26,4
236,NA,27,4
236,NA,28,4
236,NA,29,4
236,NA,30,4
236,NA,31,4
236,NA,32,4
236,NA,33,5
236,NA,34,5
236,NA,35,6
236,NA,36,6
236,NA,37,6
236,NA,38,8
236,NA,39,8
236,NA,40,8
236,NA,41,9
236,NA,42,9
236,NA,43,16
236,NA,44,17
236,NA,45,17
236,NA,46,18
236,NA,47,22
236,NA,48,26
236,NA,49,28
236,NA,50,31
236,NA,51,42
236,NA,52,58
252,NA,1,1
252,NA,2,1
252,NA,3,1
252,NA,4,1
252,NA,5,1
252,NA,6,1
252,NA,7,2
252,NA,8,2
252,NA,9,2
252,NA,10,2
252,NA,11,3
252,NA,12,3
252,NA,13,3
252,NA,14,8
252,NA,15,10
252,NA,16,11
252,NA,17,25
252,NA,18,46
253,NA,1,1
253,NA,2,1
253,NA,3,2
253,NA,4,2
253,NA,5,3
253,NA,6,3
253,NA,7,4
253,NA,8,9
253,NA,9,9
253,NA,10,22
253,NA,11,43
254,NA,1,1
254,NA,2,1
254,NA,3,1
254,NA,4,1
254,NA,5,1
254,NA,6,1
254,NA,7,1
254,NA,8,1
254,NA,9,9
254,NA,10,15
254,NA,11,22
255,NA,1,1
255,NA,2,1
255,NA,3,1
255,NA,4,2
255,NA,5,2
255,NA,6,3
255,NA,7,7
255,NA,8,9
255,NA,9,9
255,NA,10,12
255,NA,11,13
256,NA,1,1
256,NA,2,2
256,NA,3,5
256,NA,4,7
256,NA,5,9
257,NA,1,1
257,NA,2,1
257,NA,3,1
257,NA,4,1
257,NA,5,3
257,NA,6,13
257,NA,7,20
257,NA,8,58
258,NA,1,1
258,NA,2,1
258,NA,3,2
258,NA,4,3
258,NA,5,12
258,NA,6,16
259,NA,1,1
259,NA,2,1
259,NA,3,2
259,NA,4,3
259,NA,5,3
259,NA,6,3
259,NA,7,3
259,NA,8,3
259,NA,9,7
259,NA,10,9
259,NA,11,32
259,NA,12,97
260,NA,1,1
260,NA,2,2
260,NA,3,2
260,NA,4,3
260,NA,5,4
260,NA,6,12
261,NA,1,1
261,NA,2,1
261,NA,3,1
261,NA,4,1
261,NA,5,2
261,NA,6,2
261,NA,7,3
261,NA,8,16
262,NA,1,3
262,NA,2,3
262,NA,3,8
262,NA,4,9
262,NA,5,11
262,NA,6,20
262,NA,7,21
262,NA,8,29
262,NA,9,29
262,NA,10,30
262,NA,11,36
262,NA,12,50
262,NA,13,57
262,NA,14,67
262,NA,15,118
262,NA,16,308
263,NA,1,1
263,NA,2,2
263,NA,3,3
263,NA,4,4
263,NA,5,4
263,NA,6,5
263,NA,7,5
263,NA,8,6
263,NA,9,10
263,NA,10,11
263,NA,11,12
263,NA,12,13
263,NA,13,14
263,NA,14,20
263,NA,15,34
263,NA,16,34
263,NA,17,37
264,NA,1,1
264,NA,2,1
264,NA,3,3
264,NA,4,3
264,NA,5,3
264,NA,6,5
264,NA,7,5
264,NA,8,5
264,NA,9,8
264,NA,10,23
264,NA,11,46
264,NA,12,81
264,NA,13,174
265,NA,1,1
265,NA,2,1
265,NA,3,3
265,NA,4,3
265,NA,5,5
265,NA,6,6
265,NA,7,7
265,NA,8,9
265,NA,9,21
265,NA,10,52
265,NA,11,53
265,NA,12,91
265,NA,13,139
266,NA,1,1
266,NA,2,2
266,NA,3,2
266,NA,4,4
266,NA,5,4
266,NA,6,5
266,NA,7,8
266,NA,8,9
266,NA,9,16
266,NA,10,31
266,NA,11,38
266,NA,12,49
266,NA,13,79
267,NA,1,1
267,NA,2,1
267,NA,3,2
267,NA,4,2
267,NA,5,2
267,NA,6,2
267,NA,7,2
267,NA,8,3
267,NA,9,4
267,NA,10,4
267,NA,11,5
267,NA,12,11
267,NA,13,19
267,NA,14,25
267,NA,15,60
267,NA,16,77
267,NA,17,125
267,NA,18,189
267,NA,19,279
267,NA,20,462
267,NA,21,672
268,NA,1,1
268,NA,2,1
268,NA,3,1
268,NA,4,1
268,NA,5,1
268,NA,6,1
268,NA,7,1
268,NA,8,2
268,NA,9,2
268,NA,10,2
268,NA,11,2
268,NA,12,4
268,NA,13,6
268,NA,14,8
268,NA,15,10
268,NA,16,17
268,NA,17,22
268,NA,18,34
268,NA,19,45
268,NA,20,53
268,NA,21,81
268,NA,22,124
268,NA,23,162
268,NA,24,171
268,NA,25,427
268,NA,26,1291
269,NA,1,1
269,NA,2,1
269,NA,3,1
269,NA,4,2
269,NA,5,2
269,NA,6,3
269,NA,7,4
269,NA,8,4
269,NA,9,5
269,NA,10,11
269,NA,11,22
269,NA,12,37
269,NA,13,50
269,NA,14,55
269,NA,15,84
269,NA,16,218
269,NA,17,959
269,NA,18,1761
270,NA,1,1
270,NA,2,2
270,NA,3,3
270,NA,4,3
270,NA,5,3
270,NA,6,4
270,NA,7,12
270,NA,8,22
270,NA,9,25
270,NA,10,79
270,NA,11,1372
270,NA,12,1684
271,NA,1,3
271,NA,2,3
271,NA,3,4
271,NA,4,5
271,NA,5,31
271,NA,6,37
271,NA,7,44
271,NA,8,54
271,NA,9,164
271,NA,10,404
271,NA,11,537
271,NA,12,3666
272,NA,1,1
272,NA,2,1
272,NA,3,1
272,NA,4,1
272,NA,5,1
272,NA,6,1
272,NA,7,1
272,NA,8,2
272,NA,9,2
272,NA,10,3
272,NA,11,3
272,NA,12,3
272,NA,13,6
272,NA,14,15
272,NA,15,16
272,NA,16,71
272,NA,17,75
272,NA,18,91
272,NA,19,113
273,NA,1,1
273,NA,2,1
273,NA,3,1
273,NA,4,1
273,NA,5,1
273,NA,6,1
273,NA,7,1
273,NA,8,1
273,NA,9,1
273,NA,10,1
273,NA,11,1
273,NA,12,2
273,NA,13,2
273,NA,14,3
273,NA,15,3
273,NA,16,3
273,NA,17,4
273,NA,18,8
273,NA,19,16
273,NA,20,25
273,NA,21,84
273,NA,22,161
273,NA,23,260
273,NA,24,276
274,NA,1,1
274,NA,2,1
274,NA,3,1
274,NA,4,1
274,NA,5,1
274,NA,6,1
274,NA,7,1
274,NA,8,1
274,NA,9,1
274,NA,10,3
274,NA,11,3
274,NA,12,4
274,NA,13,4
274,NA,14,7
274,NA,15,9
274,NA,16,9
274,NA,17,10
274,NA,18,15
274,NA,19,16
274,NA,20,64
274,NA,21,66
274,NA,22,210
274,NA,23,329
274,NA,24,471
275,NA,1,1
275,NA,2,1
275,NA,3,1
275,NA,4,1
275,NA,5,2
275,NA,6,3
275,NA,7,3
275,NA,8,6
275,NA,9,99
275,NA,10,245
276,NA,1,1
276,NA,2,1
276,NA,3,7
276,NA,4,9
276,NA,5,10
276,NA,6,210
276,NA,7,573
277,NA,1,4
277,NA,2,11
277,NA,3,12
277,NA,4,42
277,NA,5,148
278,NA,1,1
278,NA,2,1
278,NA,3,1
278,NA,4,1
278,NA,5,2
278,NA,6,3
278,NA,7,4
278,NA,8,10
278,NA,9,20
278,NA,10,26
278,NA,11,26
278,NA,12,56
278,NA,13,356
279,NA,1,1
279,NA,2,1
279,NA,3,1
279,NA,4,2
279,NA,5,6
279,NA,6,11
279,NA,7,19
279,NA,8,20
279,NA,9,32
279,NA,10,57
279,NA,11,137
279,NA,12,165
279,NA,13,170
279,NA,14,632
284,NA,1,1
284,NA,2,1
284,NA,3,1
284,NA,4,1
284,NA,5,2
284,NA,6,2
284,NA,7,3
284,NA,8,4
284,NA,9,4
284,NA,10,8
284,NA,11,10
284,NA,12,25
284,NA,13,26
284,NA,14,31
284,NA,15,39
284,NA,16,40
284,NA,17,46
284,NA,18,67
284,NA,19,86
285,NA,1,1
285,NA,2,1
285,NA,3,1
285,NA,4,1
285,NA,5,1
285,NA,6,1
285,NA,7,2
285,NA,8,2
285,NA,9,2
285,NA,10,5
285,NA,11,5
285,NA,12,5
285,NA,13,6
285,NA,14,7
285,NA,15,11
285,NA,16,13
285,NA,17,22
285,NA,18,31
285,NA,19,42
285,NA,20,43
285,NA,21,73
285,NA,22,153
286,NA,1,1
286,NA,2,1
286,NA,3,2
286,NA,4,3
286,NA,5,3
286,NA,6,5
286,NA,7,6
286,NA,8,6
286,NA,9,13
286,NA,10,16
286,NA,11,28
286,NA,12,35
286,NA,13,40
286,NA,14,51
286,NA,15,90
286,NA,16,95
287,NA,1,1
287,NA,2,1
287,NA,3,1
287,NA,4,1
287,NA,5,1
287,NA,6,3
287,NA,7,14
287,NA,8,15
287,NA,9,18
287,NA,10,37
287,NA,11,46
287,NA,12,52
287,NA,13,56
287,NA,14,89
287,NA,15,100
292,NA,1,1
292,NA,2,1
292,NA,3,1
292,NA,4,1
292,NA,5,1
292,NA,6,2
292,NA,7,2
292,NA,8,3
292,NA,9,3
292,NA,10,3
292,NA,11,3
292,NA,12,5
292,NA,13,6
292,NA,14,13
292,NA,15,13
292,NA,16,35
292,NA,17,74
293,NA,1,1
293,NA,2,1
293,NA,3,1
293,NA,4,1
293,NA,5,1
293,NA,6,1
293,NA,7,2
293,NA,8,2
293,NA,9,2
293,NA,10,4
293,NA,11,4
293,NA,12,4
293,NA,13,4
293,NA,14,4
293,NA,15,4
293,NA,16,4
293,NA,17,5
293,NA,18,7
293,NA,19,13
293,NA,20,14
293,NA,21,36
293,NA,22,68
293,NA,23,77
293,NA,24,235
294,NA,1,1
294,NA,2,1
294,NA,3,1
294,NA,4,1
294,NA,5,1
294,NA,6,1
294,NA,7,1
294,NA,8,1
294,NA,9,1
294,NA,10,1
294,NA,11,2
294,NA,12,3
294,NA,13,6
294,NA,14,7
294,NA,15,12
294,NA,16,25
294,NA,17,68
294,NA,18,85
294,NA,19,94
294,NA,20,153
295,NA,1,1
295,NA,2,1
295,NA,3,1
295,NA,4,1
295,NA,5,1
295,NA,6,1
295,NA,7,2
295,NA,8,2
295,NA,9,2
295,NA,10,2
295,NA,11,4
295,NA,12,5
295,NA,13,7
295,NA,14,9
295,NA,15,10
295,NA,16,13
295,NA,17,15
295,NA,18,21
295,NA,19,25
295,NA,20,33
295,NA,21,46
295,NA,22,54
295,NA,23,102
295,NA,24,104
295,NA,25,175
295,NA,26,227
295,NA,27,455
295,NA,28,544
314,NA,1,1
314,NA,2,1
314,NA,3,1
314,NA,4,1
314,NA,5,2
314,NA,6,2
314,NA,7,2
314,NA,8,2
314,NA,9,2
314,NA,10,3
314,NA,11,4
314,NA,12,7
314,NA,13,8
314,NA,14,8
314,NA,15,9
314,NA,16,10
314,NA,17,27
314,NA,18,33
314,NA,19,41
315,NA,1,1
315,NA,2,2
315,NA,3,2
315,NA,4,2
315,NA,5,3
315,NA,6,3
315,NA,7,3
315,NA,8,3
315,NA,9,6
315,NA,10,8
315,NA,11,8
315,NA,12,11
315,NA,13,13
315,NA,14,15
315,NA,15,30
315,NA,16,51
316,NA,1,1
316,NA,2,1
316,NA,3,1
316,NA,4,1
316,NA,5,1
316,NA,6,1
316,NA,7,2
316,NA,8,2
316,NA,9,2
316,NA,10,2
316,NA,11,2
316,NA,12,3
316,NA,13,3
316,NA,14,9
316,NA,15,11
316,NA,16,11
316,NA,17,17
316,NA,18,24
316,NA,19,35
316,NA,20,42
317,NA,1,1
317,NA,2,1
317,NA,3,1
317,NA,4,1
317,NA,5,2
317,NA,6,2
317,NA,7,3
317,NA,8,4
317,NA,9,7
317,NA,10,7
317,NA,11,8
317,NA,12,8
317,NA,13,10
317,NA,14,10
317,NA,15,12
317,NA,16,27
317,NA,17,44
363,NA,1,1
363,NA,2,1
363,NA,3,1
363,NA,4,2
363,NA,5,2
363,NA,6,2
363,NA,7,2
363,NA,8,3
363,NA,9,5
363,NA,10,6
363,NA,11,8
363,NA,12,10
363,NA,13,10
363,NA,14,17
363,NA,15,18
364,NA,1,1
364,NA,2,2
364,NA,3,3
364,NA,4,3
364,NA,5,4
364,NA,6,4
364,NA,7,9
364,NA,8,17
364,NA,9,72
365,NA,1,1
365,NA,2,1
365,NA,3,1
365,NA,4,1
365,NA,5,1
365,NA,6,1
365,NA,7,1
365,NA,8,1
365,NA,9,4
365,NA,10,4
365,NA,11,5
365,NA,12,9
365,NA,13,21
365,NA,14,38
413,NA,1,1
413,NA,2,1
413,NA,3,1
413,NA,4,1
413,NA,5,1
413,NA,6,1
413,NA,7,1
413,NA,8,2
413,NA,9,2
413,NA,10,2
413,NA,11,2
413,NA,12,2
413,NA,13,4
413,NA,14,4
413,NA,15,4
413,NA,16,5
413,NA,17,7
413,NA,18,8
413,NA,19,10
413,NA,20,18
413,NA,21,20
413,NA,22,36
413,NA,23,58
413,NA,24,60
413,NA,25,61
413,NA,26,106
413,NA,27,106
414,NA,1,1
414,NA,2,1
414,NA,3,1
414,NA,4,1
414,NA,5,1
414,NA,6,1
414,NA,7,2
414,NA,8,2
414,NA,9,2
414,NA,10,3
414,NA,11,3
414,NA,12,4
414,NA,13,5
414,NA,14,5
414,NA,15,5
414,NA,16,5
414,NA,17,7
414,NA,18,7
414,NA,19,7
414,NA,20,7
414,NA,21,8
414,NA,22,10
414,NA,23,14
414,NA,24,14
414,NA,25,15
414,NA,26,20
414,NA,27,20
414,NA,28,40
414,NA,29,72
414,NA,30,78
414,NA,31,88
414,NA,32,91
415,NA,1,1
415,NA,2,1
415,NA,3,1
415,NA,4,1
415,NA,5,1
415,NA,6,2
415,NA,7,2
415,NA,8,2
415,NA,9,2
415,NA,10,2
415,NA,11,2
415,NA,12,2
415,NA,13,3
415,NA,14,3
415,NA,15,3
415,NA,16,4
415,NA,17,4
415,NA,18,4
415,NA,19,4
415,NA,20,5
415,NA,21,7
415,NA,22,7
415,NA,23,8
415,NA,24,8
415,NA,25,9
415,NA,26,10
415,NA,27,11
415,NA,28,13
415,NA,29,14
415,NA,30,20
415,NA,31,27
415,NA,32,67
415,NA,33,69
415,NA,34,85
415,NA,35,129
416,NA,1,1
416,NA,2,1
416,NA,3,1
416,NA,4,1
416,NA,5,1
416,NA,6,1
416,NA,7,2
416,NA,8,2
416,NA,9,2
416,NA,10,3
416,NA,11,3
416,NA,12,3
416,NA,13,3
416,NA,14,3
416,NA,15,3
416,NA,16,3
416,NA,17,4
416,NA,18,4
416,NA,19,5
416,NA,20,5
416,NA,21,8
416,NA,22,8
416,NA,23,14
416,NA,24,15
416,NA,25,27
416,NA,26,28
416,NA,27,33
416,NA,28,46
421,NA,1,1
421,NA,2,1
421,NA,3,1
421,NA,4,1
421,NA,5,2
421,NA,6,3
421,NA,7,3
421,NA,8,5
421,NA,9,7
421,NA,10,7
421,NA,11,9
421,NA,12,12
421,NA,13,13
421,NA,14,13
421,NA,15,14
421,NA,16,18
421,NA,17,25
421,NA,18,40
421,NA,19,41
421,NA,20,49
421,NA,21,61
421,NA,22,134
421,NA,23,434
421,NA,24,705
422,NA,1,1
422,NA,2,1
422,NA,3,1
422,NA,4,1
422,NA,5,1
422,NA,6,2
422,NA,7,2
422,NA,8,2
422,NA,9,2
422,NA,10,4
422,NA,11,5
422,NA,12,6
422,NA,13,6
422,NA,14,8
422,NA,15,10
422,NA,16,11
422,NA,17,18
422,NA,18,21
422,NA,19,27
422,NA,20,37
422,NA,21,52
422,NA,22,59
422,NA,23,68
422,NA,24,68
423,NA,1,1
423,NA,2,1
423,NA,3,2
423,NA,4,3
423,NA,5,3
423,NA,6,4
423,NA,7,4
423,NA,8,4
423,NA,9,6
423,NA,10,6
423,NA,11,10
423,NA,12,15
423,NA,13,19
423,NA,14,20
423,NA,15,32
423,NA,16,32
423,NA,17,84
423,NA,18,85
423,NA,19,162
423,NA,20,174
423,NA,21,1057
424,NA,1,1
424,NA,2,1
424,NA,3,6
424,NA,4,6
424,NA,5,7
424,NA,6,7
424,NA,7,8
424,NA,8,8
424,NA,9,13
424,NA,10,13
424,NA,11,16
424,NA,12,17
424,NA,13,24
424,NA,14,70
425,NA,1,2
425,NA,2,3
425,NA,3,7
425,NA,4,9
425,NA,5,12
425,NA,6,26
425,NA,7,30
425,NA,8,189
426,NA,1,1
426,NA,2,3
426,NA,3,4
426,NA,4,13
426,NA,5,26
426,NA,6,35
426,NA,7,40
426,NA,8,46
426,NA,9,195
427,NA,1,3
427,NA,2,7
427,NA,3,9
427,NA,4,10
427,NA,5,19
427,NA,6,39
427,NA,7,81
427,NA,8,88
428,NA,1,3
428,NA,2,6
428,NA,3,8
428,NA,4,17
428,NA,5,21
428,NA,6,40
428,NA,7,50
428,NA,8,77
429,NA,1,1
429,NA,2,1
429,NA,3,1
429,NA,4,1
429,NA,5,1
429,NA,6,1
429,NA,7,2
429,NA,8,2
429,NA,9,3
429,NA,10,3
429,NA,11,3
429,NA,12,3
429,NA,13,3
429,NA,14,3
429,NA,15,4
429,NA,16,4
429,NA,17,5
429,NA,18,5
429,NA,19,13
429,NA,20,19
429,NA,21,51
429,NA,22,63
429,NA,23,125
430,NA,1,1
430,NA,2,1
430,NA,3,1
430,NA,4,1
430,NA,5,1
430,NA,6,1
430,NA,7,1
430,NA,8,1
430,NA,9,2
430,NA,10,2
430,NA,11,2
430,NA,12,2
430,NA,13,2
430,NA,14,2
430,NA,15,2
430,NA,16,3
430,NA,17,3
430,NA,18,4
430,NA,19,8
430,NA,20,9
430,NA,21,13
430,NA,22,50
441,NA,1,1
441,NA,2,1
441,NA,3,1
441,NA,4,1
441,NA,5,1
441,NA,6,2
441,NA,7,3
441,NA,8,4
441,NA,9,5
441,NA,10,6
441,NA,11,8
441,NA,12,11
441,NA,13,12
441,NA,14,16
442,NA,1,1
442,NA,2,1
442,NA,3,1
442,NA,4,1
442,NA,5,2
442,NA,6,2
442,NA,7,3
442,NA,8,4
442,NA,9,6
442,NA,10,9
442,NA,11,10
442,NA,12,12
442,NA,13,16
443,NA,1,1
443,NA,2,1
443,NA,3,1
443,NA,4,2
443,NA,5,2
443,NA,6,2
443,NA,7,2
443,NA,8,2
443,NA,9,2
443,NA,10,4
443,NA,11,6
443,NA,12,6
443,NA,13,30
444,NA,1,1
444,NA,2,1
444,NA,3,1
444,NA,4,1
444,NA,5,1
444,NA,6,2
444,NA,7,3
444,NA,8,3
444,NA,9,3
444,NA,10,10
444,NA,11,14
445,NA,1,1
445,NA,2,1
445,NA,3,1
445,NA,4,1
445,NA,5,1
445,NA,6,1
445,NA,7,2
445,NA,8,2
445,NA,9,2
445,NA,10,3
445,NA,11,3
445,NA,12,3
445,NA,13,3
445,NA,14,3
445,NA,15,4
445,NA,16,4
445,NA,17,5
445,NA,18,5
445,NA,19,7
445,NA,20,8
445,NA,21,8
445,NA,22,13
445,NA,23,15
445,NA,24,19
445,NA,25,22
445,NA,26,22
445,NA,27,24
445,NA,28,26
445,NA,29,44
445,NA,30,52
445,NA,31,483
446,NA,1,1
446,NA,2,1
446,NA,3,1
446,NA,4,1
446,NA,5,1
446,NA,6,1
446,NA,7,1
446,NA,8,1
446,NA,9,2
446,NA,10,5
446,NA,11,5
446,NA,12,5
446,NA,13,6
446,NA,14,7
446,NA,15,7
446,NA,16,7
446,NA,17,8
446,NA,18,10
446,NA,19,11
446,NA,20,14
446,NA,21,21
446,NA,22,24
446,NA,23,31
446,NA,24,72
446,NA,25,95
446,NA,26,505
447,NA,1,1
447,NA,2,1
447,NA,3,1
447,NA,4,1
447,NA,5,1
447,NA,6,1
447,NA,7,1
447,NA,8,1
447,NA,9,1
447,NA,10,2
447,NA,11,2
447,NA,12,2
447,NA,13,2
447,NA,14,2
447,NA,15,2
447,NA,16,3
447,NA,17,3
447,NA,18,3
447,NA,19,4
447,NA,20,4
447,NA,21,4
447,NA,22,5
447,NA,23,5
447,NA,24,5
447,NA,25,9
447,NA,26,10
447,NA,27,11
447,NA,28,11
447,NA,29,11
447,NA,30,15
447,NA,31,24
447,NA,32,33
447,NA,33,38
447,NA,34,45
447,NA,35,66
447,NA,36,551
447,NA,37,919
447,NA,38,4696
448,NA,1,1
448,NA,2,1
448,NA,3,1
448,NA,4,1
448,NA,5,1
448,NA,6,1
448,NA,7,1
448,NA,8,1
448,NA,9,1
448,NA,10,2
448,NA,11,2
448,NA,12,2
448,NA,13,3
448,NA,14,3
448,NA,15,5
448,NA,16,5
448,NA,17,6
448,NA,18,6
448,NA,19,7
448,NA,20,7
448,NA,21,30
449,NA,1,1
449,NA,2,1
449,NA,3,1
449,NA,4,1
449,NA,5,1
449,NA,6,1
449,NA,7,1
449,NA,8,2
449,NA,9,2
449,NA,10,2
449,NA,11,3
449,NA,12,3
449,NA,13,4
449,NA,14,4
449,NA,15,6
449,NA,16,6
449,NA,17,7
449,NA,18,7
449,NA,19,8
449,NA,20,9
449,NA,21,12
449,NA,22,16
450,NA,1,1
450,NA,2,1
450,NA,3,1
450,NA,4,1
450,NA,5,1
450,NA,6,1
450,NA,7,1
450,NA,8,1
450,NA,9,1
450,NA,10,1
450,NA,11,1
450,NA,12,2
450,NA,13,3
450,NA,14,3
450,NA,15,6
450,NA,16,7
450,NA,17,12
450,NA,18,19
450,NA,19,21
450,NA,20,26
455,NA,1,1
455,NA,2,2
455,NA,3,2
455,NA,4,2
455,NA,5,2
455,NA,6,7
455,NA,7,8
455,NA,8,8
455,NA,9,8
455,NA,10,12
455,NA,11,13
455,NA,12,14
455,NA,13,21
455,NA,14,23
455,NA,15,112
456,NA,1,1
456,NA,2,1
456,NA,3,1
456,NA,4,1
456,NA,5,1
456,NA,6,1
456,NA,7,1
456,NA,8,1
456,NA,9,1
456,NA,10,2
456,NA,11,3
456,NA,12,4
456,NA,13,5
456,NA,14,6
456,NA,15,7
456,NA,16,12
456,NA,17,13
456,NA,18,15
456,NA,19,24
457,NA,1,1
457,NA,2,1
457,NA,3,1
457,NA,4,1
457,NA,5,1
457,NA,6,1
457,NA,7,1
457,NA,8,2
457,NA,9,2
457,NA,10,5
457,NA,11,5
457,NA,12,7
457,NA,13,8
457,NA,14,12
457,NA,15,14
457,NA,16,30
458,NA,1,1
458,NA,2,2
458,NA,3,2
458,NA,4,2
458,NA,5,3
458,NA,6,3
458,NA,7,5
458,NA,8,5
458,NA,9,8
458,NA,10,26
458,NA,11,40
458,NA,12,78
459,NA,1,1
459,NA,2,1
459,NA,3,1
459,NA,4,1
459,NA,5,1
459,NA,6,2
459,NA,7,2
459,NA,8,2
459,NA,9,2
459,NA,10,4
459,NA,11,6
459,NA,12,7
459,NA,13,8
459,NA,14,10
459,NA,15,14
459,NA,16,19
459,NA,17,24
459,NA,18,49
460,NA,1,1
460,NA,2,1
460,NA,3,1
460,NA,4,1
460,NA,5,2
460,NA,6,2
460,NA,7,2
460,NA,8,2
460,NA,9,3
460,NA,10,4
460,NA,11,5
460,NA,12,5
460,NA,13,7
460,NA,14,7
460,NA,15,8
460,NA,16,8
460,NA,17,16
460,NA,18,16
460,NA,19,24
461,NA,1,1
461,NA,2,2
461,NA,3,2
461,NA,4,2
461,NA,5,3
461,NA,6,3
461,NA,7,4
461,NA,8,4
461,NA,9,9
461,NA,10,10
461,NA,11,10
461,NA,12,12
461,NA,13,21
462,NA,1,1
462,NA,2,1
462,NA,3,1
462,NA,4,2
462,NA,5,2
462,NA,6,3
462,NA,7,3
462,NA,8,3
462,NA,9,4
462,NA,10,5
462,NA,11,5
462,NA,12,5
462,NA,13,6
462,NA,14,17
462,NA,15,35
462,NA,16,42
463,NA,1,1
463,NA,2,1
463,NA,3,1
463,NA,4,1
463,NA,5,1
463,NA,6,5
463,NA,7,6
463,NA,8,8
463,NA,9,11
463,NA,10,36
463,NA,11,41
464,NA,1,1
464,NA,2,1
464,NA,3,2
464,NA,4,2
464,NA,5,3
464,NA,6,5
464,NA,7,9
464,NA,8,17
464,NA,9,27
464,NA,10,34
464,NA,11,55
465,NA,1,1
465,NA,2,1
465,NA,3,1
465,NA,4,1
465,NA,5,2
465,NA,6,5
465,NA,7,6
465,NA,8,13
465,NA,9,53
466,NA,1,2
466,NA,2,3
466,NA,3,6
466,NA,4,6
466,NA,5,6
466,NA,6,13
466,NA,7,39
467,NA,1,1
467,NA,2,1
467,NA,3,1
467,NA,4,1
467,NA,5,1
467,NA,6,1
467,NA,7,1
467,NA,8,2
467,NA,9,3
467,NA,10,4
467,NA,11,4
467,NA,12,5
467,NA,13,6
467,NA,14,9
467,NA,15,9
468,NA,1,1
468,NA,2,1
468,NA,3,1
468,NA,4,2
468,NA,5,2
468,NA,6,3
468,NA,7,4
468,NA,8,4
468,NA,9,6
468,NA,10,7
468,NA,11,8
468,NA,12,8
468,NA,13,13
468,NA,14,17
469,NA,1,1
469,NA,2,1
469,NA,3,1
469,NA,4,4
469,NA,5,4
469,NA,6,4
469,NA,7,5
469,NA,8,6
469,NA,9,7
469,NA,10,7
469,NA,11,9
469,NA,12,13
469,NA,13,17
470,NA,1,1
470,NA,2,1
470,NA,3,1
470,NA,4,2
470,NA,5,4
470,NA,6,4
470,NA,7,4
470,NA,8,6
470,NA,9,7
470,NA,10,7
470,NA,11,8
470,NA,12,11
470,NA,13,14
471,NA,1,1
471,NA,2,1
471,NA,3,1
471,NA,4,1
471,NA,5,1
471,NA,6,1
471,NA,7,1
471,NA,8,1
471,NA,9,1
471,NA,10,1
471,NA,11,1
471,NA,12,1
471,NA,13,2
471,NA,14,2
471,NA,15,2
471,NA,16,4
471,NA,17,4
471,NA,18,6
471,NA,19,7
471,NA,20,10
471,NA,21,19
471,NA,22,22
471,NA,23,29
472,NA,1,1
472,NA,2,1
472,NA,3,1
472,NA,4,1
472,NA,5,1
472,NA,6,1
472,NA,7,1
472,NA,8,1
472,NA,9,1
472,NA,10,2
472,NA,11,2
472,NA,12,3
472,NA,13,4
472,NA,14,4
472,NA,15,7
472,NA,16,12
472,NA,17,15
472,NA,18,17
472,NA,19,18
472,NA,20,90
473,NA,1,1
473,NA,2,1
473,NA,3,1
473,NA,4,1
473,NA,5,1
473,NA,6,1
473,NA,7,1
473,NA,8,1
473,NA,9,1
473,NA,10,1
473,NA,11,1
473,NA,12,2
473,NA,13,2
473,NA,14,2
473,NA,15,3
473,NA,16,5
473,NA,17,6
473,NA,18,6
473,NA,19,6
473,NA,20,9
473,NA,21,13
473,NA,22,13
473,NA,23,14
473,NA,24,19
473,NA,25,31
473,NA,26,32
473,NA,27,63
474,NA,1,1
474,NA,2,1
474,NA,3,1
474,NA,4,1
474,NA,5,1
474,NA,6,1
474,NA,7,1
474,NA,8,1
474,NA,9,1
474,NA,10,1
474,NA,11,1
474,NA,12,1
474,NA,13,2
474,NA,14,2
474,NA,15,2
474,NA,16,2
474,NA,17,2
474,NA,18,2
474,NA,19,3
474,NA,20,3
474,NA,21,3
474,NA,22,4
474,NA,23,4
474,NA,24,6
474,NA,25,6
474,NA,26,12
474,NA,27,16
474,NA,28,21
474,NA,29,21
474,NA,30,32
474,NA,31,34
474,NA,32,85
489,NA,1,1
489,NA,2,1
489,NA,3,1
489,NA,4,1
489,NA,5,1
489,NA,6,1
489,NA,7,1
489,NA,8,1
489,NA,9,1
489,NA,10,1
489,NA,11,2
489,NA,12,2
489,NA,13,2
489,NA,14,2
489,NA,15,2
489,NA,16,2
489,NA,17,3
489,NA,18,3
489,NA,19,3
489,NA,20,3
489,NA,21,3
489,NA,22,4
489,NA,23,6
489,NA,24,6
489,NA,25,6
489,NA,26,6
489,NA,27,7
489,NA,28,9
489,NA,29,11
489,NA,30,13
489,NA,31,14
489,NA,32,20
489,NA,33,21
489,NA,34,22
489,NA,35,22
489,NA,36,44
489,NA,37,69
489,NA,38,87
489,NA,39,90
489,NA,40,183
489,NA,41,231
490,NA,1,1
490,NA,2,1
490,NA,3,1
490,NA,4,1
490,NA,5,1
490,NA,6,1
490,NA,7,1
490,NA,8,1
490,NA,9,1
490,NA,10,1
490,NA,11,1
490,NA,12,1
490,NA,13,1
490,NA,14,1
490,NA,15,1
490,NA,16,1
490,NA,17,2
490,NA,18,2
490,NA,19,2
490,NA,20,2
490,NA,21,2
490,NA,22,3
490,NA,23,3
490,NA,24,3
490,NA,25,3
490,NA,26,3
490,NA,27,3
490,NA,28,4
490,NA,29,4
490,NA,30,4
490,NA,31,5
490,NA,32,5
490,NA,33,6
490,NA,34,6
490,NA,35,6
490,NA,36,6
490,NA,37,7
490,NA,38,12
490,NA,39,12
490,NA,40,13
490,NA,41,13
490,NA,42,17
490,NA,43,17
490,NA,44,18
490,NA,45,19
490,NA,46,20
490,NA,47,24
490,NA,48,25
490,NA,49,26
490,NA,50,27
490,NA,51,27
490,NA,52,28
490,NA,53,30
490,NA,54,30
490,NA,55,32
490,NA,56,38
490,NA,57,44
490,NA,58,69
490,NA,59,126
490,NA,60,159
490,NA,61,197
491,NA,1,1
491,NA,2,1
491,NA,3,1
491,NA,4,1
491,NA,5,1
491,NA,6,1
491,NA,7,1
491,NA,8,1
491,NA,9,1
491,NA,10,1
491,NA,11,1
491,NA,12,1
491,NA,13,1
491,NA,14,1
491,NA,15,1
491,NA,16,1
491,NA,17,1
491,NA,18,1
491,NA,19,2
491,NA,20,2
491,NA,21,2
491,NA,22,2
491,NA,23,2
491,NA,24,2
491,NA,25,2
491,NA,26,2
491,NA,27,2
491,NA,28,2
491,NA,29,3
491,NA,30,3
491,NA,31,3
491,NA,32,4
491,NA,33,4
491,NA,34,4
491,NA,35,4
491,NA,36,4
491,NA,37,4
491,NA,38,4
491,NA,39,5
491,NA,40,5
491,NA,41,5
491,NA,42,5
491,NA,43,6
491,NA,44,6
491,NA,45,8
491,NA,46,9
491,NA,47,9
491,NA,48,9
491,NA,49,9
491,NA,50,9
491,NA,51,10
491,NA,52,11
491,NA,53,11
491,NA,54,12
491,NA,55,12
491,NA,56,12
491,NA,57,13
491,NA,58,13
491,NA,59,14
491,NA,60,17
491,NA,61,18
491,NA,62,20
491,NA,63,25
491,NA,64,26
491,NA,65,39
491,NA,66,40
491,NA,67,43
491,NA,68,46
491,NA,69,48
491,NA,70,50
491,NA,71,52
491,NA,72,108
491,NA,73,153
491,NA,74,175
492,NA,1,1
492,NA,2,1
492,NA,3,1
492,NA,4,1
492,NA,5,1
492,NA,6,1
492,NA,7,1
492,NA,8,1
492,NA,9,1
492,NA,10,1
492,NA,11,1
492,NA,12,1
492,NA,13,1
492,NA,14,1
492,NA,15,1
492,NA,16,1
492,NA,17,1
492,NA,18,1
492,NA,19,1
492,NA,20,1
492,NA,21,1
492,NA,22,1
492,NA,23,1
492,NA,24,1
492,NA,25,1
492,NA,26,1
492,NA,27,1
492,NA,28,1
492,NA,29,1
492,NA,30,1
492,NA,31,1
492,NA,32,2
492,NA,33,2
492,NA,34,2
492,NA,35,2
492,NA,36,2
492,NA,37,2
492,NA,38,2
492,NA,39,2
492,NA,40,2
492,NA,41,2
492,NA,42,2
492,NA,43,2
492,NA,44,3
492,NA,45,3
492,NA,46,3
492,NA,47,3
492,NA,48,3
492,NA,49,3
492,NA,50,3
492,NA,51,4
492,NA,52,4
492,NA,53,4
492,NA,54,5
492,NA,55,5
492,NA,56,5
492,NA,57,5
492,NA,58,5
492,NA,59,5
492,NA,60,6
492,NA,61,6
492,NA,62,6
492,NA,63,6
492,NA,64,6
492,NA,65,6
492,NA,66,6
492,NA,67,6
492,NA,68,6
492,NA,69,7
492,NA,70,7
492,NA,71,7
492,NA,72,7
492,NA,73,8
492,NA,74,8
492,NA,75,9
492,NA,76,9
492,NA,77,10
492,NA,78,10
492,NA,79,10
492,NA,80,10
492,NA,81,11
492,NA,82,11
492,NA,83,12
492,NA,84,12
492,NA,85,12
492,NA,86,13
492,NA,87,14
492,NA,88,14
492,NA,89,15
492,NA,90,15
492,NA,91,15
492,NA,92,16
492,NA,93,16
492,NA,94,17
492,NA,95,18
492,NA,96,19
492,NA,97,21
492,NA,98,23
492,NA,99,25
492,NA,100,26
492,NA,101,26
492,NA,102,27
492,NA,103,28
492,NA,104,28
492,NA,105,29
492,NA,106,30
492,NA,107,31
492,NA,108,37
492,NA,109,41
492,NA,110,47
492,NA,111,70
492,NA,112,83
492,NA,113,86
492,NA,114,89
492,NA,115,90
493,NA,1,1
493,NA,2,1
493,NA,3,1
493,NA,4,1
493,NA,5,1
493,NA,6,1
493,NA,7,1
493,NA,8,1
493,NA,9,2
493,NA,10,2
493,NA,11,2
493,NA,12,2
493,NA,13,2
493,NA,14,2
493,NA,15,2
493,NA,16,2
493,NA,17,3
493,NA,18,3
493,NA,19,3
493,NA,20,3
493,NA,21,3
493,NA,22,3
493,NA,23,4
493,NA,24,5
493,NA,25,5
493,NA,26,6
493,NA,27,8
493,NA,28,9
493,NA,29,11
493,NA,30,11
493,NA,31,12
493,NA,32,13
493,NA,33,16
493,NA,34,24
493,NA,35,28
493,NA,36,28
493,NA,37,29
493,NA,38,34
493,NA,39,39
493,NA,40,41
493,NA,41,42
493,NA,42,49
493,NA,43,132
494,NA,1,1
494,NA,2,1
494,NA,3,1
494,NA,4,1
494,NA,5,1
494,NA,6,1
494,NA,7,1
494,NA,8,1
494,NA,9,1
494,NA,10,1
494,NA,11,1
494,NA,12,1
494,NA,13,2
494,NA,14,2
494,NA,15,2
494,NA,16,2
494,NA,17,2
494,NA,18,3
494,NA,19,3
494,NA,20,3
494,NA,21,3
494,NA,22,3
494,NA,23,4
494,NA,24,4
494,NA,25,4
494,NA,26,4
494,NA,27,5
494,NA,28,5
494,NA,29,5
494,NA,30,5
494,NA,31,5
494,NA,32,6
494,NA,33,6
494,NA,34,6
494,NA,35,6
494,NA,36,7
494,NA,37,7
494,NA,38,7
494,NA,39,7
494,NA,40,8
494,NA,41,8
494,NA,42,9
494,NA,43,10
494,NA,44,12
494,NA,45,13
494,NA,46,13
494,NA,47,14
494,NA,48,17
494,NA,49,19
494,NA,50,23
494,NA,51,33
494,NA,52,37
494,NA,53,47
494,NA,54,48
494,NA,55,49
494,NA,56,50
494,NA,57,102
494,NA,58,130
495,NA,1,1
495,NA,2,1
495,NA,3,1
495,NA,4,1
495,NA,5,1
495,NA,6,1
495,NA,7,1
495,NA,8,1
495,NA,9,1
495,NA,10,1
495,NA,11,1
495,NA,12,1
495,NA,13,1
495,NA,14,1
495,NA,15,2
495,NA,16,2
495,NA,17,2
495,NA,18,2
495,NA,19,2
495,NA,20,2
495,NA,21,3
495,NA,22,3
495,NA,23,3
495,NA,24,4
495,NA,25,4
495,NA,26,4
495,NA,27,4
495,NA,28,5
495,NA,29,5
495,NA,30,5
495,NA,31,5
495,NA,32,6
495,NA,33,6
495,NA,34,6
495,NA,35,7
495,NA,36,7
495,NA,37,7
495,NA,38,8
495,NA,39,8
495,NA,40,8
495,NA,41,8
495,NA,42,11
495,NA,43,11
495,NA,44,11
495,NA,45,12
495,NA,46,12
495,NA,47,13
495,NA,48,15
495,NA,49,17
495,NA,50,17
495,NA,51,20
495,NA,52,21
495,NA,53,26
495,NA,54,28
495,NA,55,30
495,NA,56,34
495,NA,57,47
495,NA,58,65
495,NA,59,72
495,NA,60,73
495,NA,61,75
495,NA,62,98
495,NA,63,137
495,NA,64,181
496,NA,1,1
496,NA,2,1
496,NA,3,1
496,NA,4,1
496,NA,5,2
496,NA,6,2
496,NA,7,2
496,NA,8,2
496,NA,9,2
496,NA,10,2
496,NA,11,2
496,NA,12,2
496,NA,13,3
496,NA,14,3
496,NA,15,3
496,NA,16,3
496,NA,17,3
496,NA,18,3
496,NA,19,3
496,NA,20,3
496,NA,21,3
496,NA,22,4
496,NA,23,4
496,NA,24,4
496,NA,25,4
496,NA,26,4
496,NA,27,4
496,NA,28,4
496,NA,29,5
496,NA,30,5
496,NA,31,5
496,NA,32,5
496,NA,33,5
496,NA,34,5
496,NA,35,6
496,NA,36,6
496,NA,37,7
496,NA,38,7
496,NA,39,7
496,NA,40,7
496,NA,41,7
496,NA,42,7
496,NA,43,8
496,NA,44,8
496,NA,45,9
496,NA,46,9
496,NA,47,9
496,NA,48,9
496,NA,49,9
496,NA,50,10
496,NA,51,10
496,NA,52,10
496,NA,53,10
496,NA,54,10
496,NA,55,11
496,NA,56,11
496,NA,57,11
496,NA,58,12
496,NA,59,14
496,NA,60,14
496,NA,61,16
496,NA,62,16
496,NA,63,17
496,NA,64,18
496,NA,65,21
496,NA,66,22
496,NA,67,22
496,NA,68,23
496,NA,69,26
496,NA,70,26
496,NA,71,27
496,NA,72,28
496,NA,73,29
496,NA,74,33
496,NA,75,37
496,NA,76,37
496,NA,77,40
496,NA,78,40
496,NA,79,42
496,NA,80,42
496,NA,81,45
496,NA,82,50
496,NA,83,52
496,NA,84,57
496,NA,85,59
496,NA,86,59
496,NA,87,60
496,NA,88,68
496,NA,89,73
496,NA,90,84
496,NA,91,86
496,NA,92,88
499,NA,1,1
499,NA,2,1
499,NA,3,1
499,NA,4,1
499,NA,5,2
499,NA,6,2
499,NA,7,2
499,NA,8,3
499,NA,9,4
499,NA,10,5
499,NA,11,6
499,NA,12,9
499,NA,13,10
499,NA,14,18
500,NA,1,1
500,NA,2,1
500,NA,3,1
500,NA,4,1
500,NA,5,1
500,NA,6,1
500,NA,7,2
500,NA,8,2
500,NA,9,2
500,NA,10,3
500,NA,11,3
500,NA,12,4
500,NA,13,4
500,NA,14,4
500,NA,15,4
500,NA,16,5
500,NA,17,5
500,NA,18,6
500,NA,19,6
500,NA,20,11
500,NA,21,18
501,NA,1,1
501,NA,2,1
501,NA,3,1
501,NA,4,1
501,NA,5,1
501,NA,6,2
501,NA,7,2
501,NA,8,2
501,NA,9,3
501,NA,10,3
501,NA,11,3
501,NA,12,9
501,NA,13,14
501,NA,14,20
510,NA,1,3
510,NA,2,12
510,NA,3,15
510,NA,4,109
510,NA,5,124
511,NA,1,1
511,NA,2,3
511,NA,3,6
511,NA,4,8
511,NA,5,107
512,NA,1,1
512,NA,2,1
512,NA,3,1
512,NA,4,1
512,NA,5,1
512,NA,6,2
512,NA,7,2
512,NA,8,5
512,NA,9,7
512,NA,10,17
512,NA,11,30
513,NA,1,1
513,NA,2,1
513,NA,3,1
513,NA,4,5
513,NA,5,14
513,NA,6,25
398,NA,1,52
398,NA,2,6
398,NA,3,1
398,NA,4,4
398,NA,5,38
398,NA,6,15
398,NA,7,2
398,NA,8,1
398,NA,9,1
398,NA,10,10
398,NA,11,36
398,NA,12,1
398,NA,13,20
398,NA,14,2
398,NA,15,5
398,NA,16,9
399,NA,1,80
399,NA,2,14
399,NA,3,3
399,NA,4,21
399,NA,5,6
399,NA,6,2
399,NA,7,1
399,NA,8,1
399,NA,9,1
399,NA,10,1
399,NA,11,7
399,NA,12,28
399,NA,13,10
399,NA,14,6
399,NA,15,6
400,NA,1,89
400,NA,2,25
400,NA,3,5
400,NA,4,6
400,NA,5,29
400,NA,6,9
400,NA,7,2
400,NA,8,3
400,NA,9,2
400,NA,10,2
400,NA,11,1
400,NA,12,2
400,NA,13,37
400,NA,14,50
400,NA,15,3
400,NA,16,25
400,NA,17,1
400,NA,18,7
400,NA,19,2
400,NA,20,7
401,NA,1,39
401,NA,2,15
401,NA,3,4
401,NA,4,20
401,NA,5,1
401,NA,6,3
401,NA,7,7
401,NA,8,1
401,NA,9,17
401,NA,10,1
401,NA,11,6
401,NA,12,1
401,NA,13,4
401,NA,14,2
401,NA,15,4
402,NA,1,39
402,NA,2,8
402,NA,3,1
402,NA,4,1
402,NA,5,34
402,NA,6,8
402,NA,7,1
402,NA,8,2
403,NA,1,47
403,NA,2,4
403,NA,3,3
403,NA,4,6
403,NA,5,1
403,NA,6,2
403,NA,7,2
403,NA,8,26
403,NA,9,5
403,NA,10,2
403,NA,11,1
403,NA,12,1
403,NA,13,1
403,NA,14,14
403,NA,15,9
403,NA,16,1
403,NA,17,3
403,NA,18,1
405,NA,1,20
405,NA,2,12
405,NA,3,5
405,NA,4,14
405,NA,5,3
405,NA,6,2
405,NA,7,9
405,NA,8,3
405,NA,9,2
405,NA,10,1
404,NA,1,34
404,NA,2,12
404,NA,3,2
404,NA,4,2
404,NA,5,26
404,NA,6,5
404,NA,7,1
404,NA,8,2
404,NA,9,1
404,NA,10,1
404,NA,11,1
404,NA,12,14
404,NA,13,9
404,NA,14,1
404,NA,15,3
404,NA,16,1
