"s0","n0","source","dat","site","singletons","n_comparisons","mean_r2","mean_r2_log","mean_cd","mean_prop_off","mean_div"
10,54,"sampled","gentry","1",TRUE,3994,0.577934820107002,0.622889045806454,0.797856464110886,0.177493091489085,0.110601366339348
14,47,"sampled","gentry","2",TRUE,3997,0.435069500497767,0.560597650025785,0.77744419726035,0.176510042106048,0.113615074616738
17,157,"sampled","gentry","3",TRUE,3998,0.684317045833532,0.725269389026365,0.843914463889986,0.159482607545811,0.0887745872686311
50,234,"sampled","gentry","4",TRUE,3998,0.727591547331063,0.755345729514612,0.861318709930468,0.156731143349453,0.0902191647776493
26,199,"sampled","gentry","5",TRUE,4000,0.705938536385186,0.74387287819135,0.853242717265538,0.157109296482412,0.0876205179291792
39,175,"sampled","gentry","6",TRUE,3999,0.706118782004596,0.745646697168064,0.849741287196642,0.160084306790983,0.093317100049757
28,178,"sampled","gentry","7",TRUE,3999,0.709549702155934,0.732392816197959,0.853485798314683,0.158050748642217,0.0890022984574821
36,204,"sampled","gentry","8",TRUE,3999,0.696896094907312,0.739686350083424,0.856111263026887,0.159455305002721,0.0913680550443736
23,150,"sampled","gentry","9",TRUE,4000,0.661479147741156,0.719894283414492,0.843070550424939,0.160255,0.0908975782606243
35,235,"sampled","gentry","10",TRUE,4000,0.737217275436814,0.751917218812086,0.862548357461779,0.154537234042553,0.0855447494819288
24,102,"sampled","gentry","11",TRUE,4000,0.591105024338694,0.667746975727477,0.817245721214956,0.171080882352941,0.105606559820504
41,179,"sampled","gentry","12",TRUE,4000,0.704830207185503,0.747415443364354,0.852778438732133,0.158332402234637,0.091918522107069
34,195,"sampled","gentry","13",TRUE,4000,0.709330189660239,0.737418352312127,0.856244615578947,0.158737179487179,0.0901926302722524
26,191,"sampled","gentry","14",TRUE,4000,0.723636723158754,0.743644712067209,0.858887734778338,0.153839005235602,0.0848892898691834
26,214,"sampled","gentry","15",TRUE,4000,0.725569834593955,0.744644329759305,0.856827570292745,0.154955607476636,0.0850715102225669
26,124,"sampled","gentry","16",TRUE,3999,0.634464030668963,0.694340005558998,0.833119842394757,0.166749348627479,0.0995147985475694
30,129,"sampled","gentry","17",TRUE,4000,0.631251477930522,0.701967444613191,0.831904029683487,0.166209302325581,0.100042283562079
33,152,"sampled","gentry","18",TRUE,4000,0.689635294994955,0.717808606432626,0.844281988191252,0.162898026315789,0.0959899550235996
36,135,"sampled","gentry","19",TRUE,3999,0.64489072135405,0.705637314645324,0.834839600907654,0.164530021394237,0.100802812975447
36,184,"sampled","gentry","20",TRUE,3998,0.699000204228562,0.730627008079794,0.853244965103193,0.160449790112448,0.0931005673138289
2,74,"sampled","gentry","21",TRUE,665,0.638150921177214,0.455810850200814,0.945864661654135,0.171245681771998,0.113926862577943
19,143,"sampled","gentry","22",TRUE,3999,0.66472446338797,0.711416371939365,0.837132991359461,0.163799691181537,0.0939131291822466
18,149,"sampled","gentry","23",TRUE,4000,0.677777261698791,0.725859737077822,0.837519526651553,0.161973154362416,0.0921840048675454
20,216,"sampled","gentry","24",TRUE,4000,0.706297540301373,0.751627335848409,0.851764964512431,0.153608796296296,0.0829231590022552
30,104,"sampled","gentry","25",TRUE,3998,0.589612586594672,0.680808322920567,0.816652484337242,0.168420748835956,0.106149553203729
20,204,"sampled","gentry","26",TRUE,4000,0.73154128278771,0.75373294118316,0.856225947336288,0.151170343137255,0.0806693884414097
26,166,"sampled","gentry","27",TRUE,4000,0.69817245775304,0.71954643823031,0.848094788221238,0.160957831325301,0.0924575812292988
33,157,"sampled","gentry","28",TRUE,3999,0.694797959384267,0.730679911920632,0.847015722161318,0.160670740933641,0.0936989644776392
65,437,"sampled","gentry","29",TRUE,4000,0.792569545952843,0.797851400160534,0.886249723333436,0.144795194508009,0.0768004558392887
69,325,"sampled","gentry","30",TRUE,4000,0.757373682530412,0.787144583323321,0.876996648889115,0.150301538461538,0.0848843303531471
100,174,"sampled","gentry","31",TRUE,3999,0.672765365905014,0.796742854066533,0.83181891962381,0.104383854584336,0.0664218614750555
232,399,"sampled","gentry","32",TRUE,3998,0.776120344698742,0.850966144224394,0.871399847568524,0.0878854214074456,0.0518000388199087
221,431,"sampled","gentry","33",TRUE,3998,0.788814975637079,0.856568812003319,0.876825387446926,0.0994075924273041,0.0576146973871955
232,404,"sampled","gentry","34",TRUE,4000,0.77122446391434,0.85868497820399,0.87127120913567,0.0884839108910891,0.0517114470513164
216,353,"sampled","gentry","35",TRUE,4000,0.749112394403755,0.842269577367536,0.863830047650471,0.0847400849858357,0.0506257486495871
261,400,"sampled","gentry","36",TRUE,4000,0.781778491184572,0.852069583616194,0.865847127211206,0.074403125,0.0438083034954502
70,298,"sampled","gentry","37",TRUE,3998,0.75965740980189,0.78905229938704,0.87537612014977,0.148669972570178,0.0841783750908723
93,221,"sampled","gentry","38",TRUE,4000,0.73739596777977,0.813868444265639,0.858526479043414,0.126745475113122,0.0758571875750915
60,465,"sampled","gentry","39",TRUE,4000,0.788080428255542,0.800654548094746,0.885567265330731,0.142438172043011,0.0738907676702052
87,568,"sampled","gentry","40",TRUE,3999,0.817964908539293,0.820180405682107,0.898245975090144,0.138981488329829,0.0719177317939078
37,267,"sampled","gentry","41",TRUE,3999,0.739941683713644,0.766103356845847,0.865199376086602,0.151354317980244,0.0822121791909806
58,294,"sampled","gentry","42",TRUE,3998,0.750723451828519,0.777059984122628,0.873427652968583,0.150994715044597,0.084355700872548
91,347,"sampled","gentry","43",TRUE,3999,0.787424599944854,0.812051258113498,0.879880923811862,0.142596888415187,0.0800518576059234
111,491,"sampled","gentry","44",TRUE,3995,0.809133969499733,0.828615758593153,0.891698125969886,0.139354437445993,0.075946443410563
115,408,"sampled","gentry","45",TRUE,3999,0.801688276313191,0.841943472366261,0.886763267092672,0.133598963466357,0.0736057737344984
105,266,"sampled","gentry","46",TRUE,4000,0.760142925673628,0.82967896820366,0.867763791879748,0.125903195488722,0.0741244106696503
164,354,"sampled","gentry","47",TRUE,3998,0.772315490626841,0.847290664021139,0.875185250254959,0.109880505224364,0.0638025230211351
61,185,"sampled","gentry","48",TRUE,4000,0.70472691457845,0.776915065633055,0.850369419517366,0.148478378378378,0.08881238945671
51,168,"sampled","gentry","49",TRUE,4000,0.689804545139818,0.754378466001767,0.848159495998795,0.154998511904762,0.0933143250452752
14,49,"sampled","gentry","50",TRUE,4000,0.458651193269463,0.564835140009057,0.778906902338943,0.179209183673469,0.115816316365808
130,322,"sampled","gentry","51",TRUE,3998,0.777783603507408,0.83549513888252,0.874761839487058,0.122504575269001,0.0710034466950829
159,286,"sampled","gentry","52",TRUE,4000,0.742361767153093,0.830500361219827,0.859020854327878,0.0988618881118881,0.0599903790039107
112,290,"sampled","gentry","53",TRUE,4000,0.774797854596785,0.831188228959153,0.872028487625025,0.126906034482759,0.073801115047493
194,387,"sampled","gentry","54",TRUE,3999,0.781421720717211,0.853012151644262,0.875350602577425,0.101740551416924,0.0592112842729036
287,470,"sampled","gentry","55",TRUE,4000,0.792476118693343,0.86399795301251,0.875555489064076,0.0794904255319149,0.045731439530689
59,158,"sampled","gentry","56",TRUE,3999,0.691573490019346,0.773398069979546,0.842241387280674,0.143086404512521,0.087475191013123
96,348,"sampled","gentry","57",TRUE,3999,0.774136876189397,0.818600050579146,0.878610387276399,0.140850586209771,0.0799449704975072
53,196,"sampled","gentry","58",TRUE,3999,0.698601793465955,0.752041703924973,0.85238433642293,0.158316364805487,0.0959194985112011
43,422,"sampled","gentry","59",TRUE,4000,0.779234656057069,0.79524435648715,0.883038717716458,0.140682464454976,0.0707892371597505
28,194,"sampled","gentry","60",TRUE,3999,0.715743358156347,0.739678751919636,0.856090836633753,0.156010652147573,0.0869589042857606
193,328,"sampled","gentry","61",TRUE,4000,0.752365380353228,0.843651405108179,0.862568459149042,0.0897766768292683,0.0538546956920274
107,478,"sampled","gentry","62",TRUE,3999,0.804488135862184,0.826697279979629,0.890093334383974,0.140948417020573,0.077060714741476
55,393,"sampled","gentry","63",TRUE,3999,0.775079392732656,0.790744451966944,0.880942707112132,0.145590468864035,0.0771145287242403
64,335,"sampled","gentry","64",TRUE,3997,0.77125620842361,0.793536153118321,0.876758754148961,0.149058809032147,0.0818203211700019
205,405,"sampled","gentry","65",TRUE,3999,0.797129853306456,0.857862594668903,0.880077650918574,0.0993384148506262,0.0568577556260299
206,547,"sampled","gentry","66",TRUE,3998,0.830149054583065,0.871677378014742,0.896870881533187,0.112133763408212,0.0606665426067577
416,603,"sampled","gentry","67",TRUE,3999,0.787372864181124,0.864790994449423,0.875786338301155,0.0638501250519927,0.0372815480949464
345,622,"sampled","gentry","68",TRUE,3999,0.820544231003545,0.876062242168045,0.891512487843627,0.0841753846821834,0.0468956448361709
300,476,"sampled","gentry","69",TRUE,3999,0.792985671952918,0.857432046198274,0.874680266744258,0.0767996621003991,0.0446461487168184
212,541,"sampled","gentry","70",TRUE,3998,0.823136832229785,0.870566900943733,0.894083116948941,0.111653793625094,0.0609034502916327
104,395,"sampled","gentry","71",TRUE,3997,0.800901448124635,0.832222406260019,0.886381923377823,0.137083825527373,0.0753457616584926
357,482,"sampled","gentry","72",TRUE,3998,0.744170260549054,0.840199663205512,0.858778509931357,0.0588312828613477,0.0361918713865411
116,542,"sampled","gentry","73",TRUE,3997,0.817210347767142,0.837651252496672,0.896825925169716,0.136282562475362,0.0725581118883124
128,214,"sampled","gentry","74",TRUE,4000,0.696550556457003,0.806391927726512,0.843124749118187,0.0967920560747663,0.0607649685080112
82,211,"sampled","gentry","75",TRUE,3999,0.729614929239131,0.809044668949589,0.856969566480999,0.133238285874786,0.0797021450065987
38,356,"sampled","gentry","76",TRUE,3999,0.762405271132724,0.776542839448032,0.874692518403412,0.145995768605073,0.0763832856715795
43,173,"sampled","gentry","77",TRUE,3999,0.703829536824913,0.742722047513528,0.849792691452771,0.159762483973595,0.0946081908963666
210,472,"sampled","gentry","78",TRUE,3998,0.819393573440267,0.868176519426483,0.88755784781222,0.105738250481173,0.0587930795029011
237,375,"sampled","gentry","79",TRUE,3997,0.755871985297418,0.842936749697775,0.859990958410872,0.0810227670753065,0.0489777004115019
384,561,"sampled","gentry","80",TRUE,4000,0.790588544763924,0.866356790126063,0.875268606497724,0.0645552584670232,0.0373323920636392
229,513,"sampled","gentry","81",TRUE,3999,0.81572875228441,0.866451390812822,0.890029302489686,0.105397207001555,0.058922464445033
907,1026,"sampled","gentry","82",TRUE,4000,0.760701846276662,0.851646435574609,0.860400292350121,0.0258905945419103,0.015682188323394
311,505,"sampled","gentry","83",TRUE,3998,0.796150790782289,0.863611657910387,0.879065701054837,0.0779315400274395,0.0448079693080953
425,626,"sampled","gentry","84",TRUE,4000,0.799393349911909,0.867754860205776,0.879765606169994,0.0651609424920128,0.0376123155930841
150,363,"sampled","gentry","85",TRUE,3999,0.778957496091994,0.846308562297548,0.875438735854808,0.118483477618716,0.068320869569862
318,471,"sampled","gentry","86",TRUE,3999,0.768375375556152,0.852415784396634,0.869086679899417,0.0697377104361016,0.0413955667734046
14,254,"sampled","gentry","87",TRUE,3999,0.715652144072893,0.757304131939485,0.853142892569413,0.149094360204224,0.0791758232392451
20,277,"sampled","gentry","88",TRUE,4000,0.731400293534699,0.768627424404163,0.856583666141802,0.15027797833935,0.078669440393286
20,340,"sampled","gentry","89",TRUE,3999,0.758397812985698,0.786428507063924,0.868147020766132,0.142075960166512,0.0711662077483388
252,480,"sampled","gentry","90",TRUE,4000,0.800967449793257,0.863530831369604,0.88422059233613,0.0936130208333333,0.0534351654654291
83,408,"sampled","gentry","91",TRUE,4000,0.78848954945503,0.810439900121248,0.885728727844907,0.145082720588235,0.0793454098697584
170,402,"sampled","gentry","92",TRUE,4000,0.805634874329303,0.856863720155628,0.881823697247114,0.113085820895522,0.0639047085230162
262,531,"sampled","gentry","93",TRUE,4000,0.814574536559705,0.86906146988362,0.888251328563901,0.0971661958568738,0.0543509438157469
276,491,"sampled","gentry","94",TRUE,4000,0.802263856260755,0.864537932509736,0.881722878173944,0.0876542769857434,0.0500477968276624
76,294,"sampled","gentry","95",TRUE,4000,0.746405050707353,0.792995684542635,0.871249362518218,0.148106292517007,0.0849969025146913
634,823,"sampled","gentry","96",TRUE,3999,0.788210340622997,0.867055719976157,0.878449664104451,0.0472943266193219,0.0274920650809184
550,771,"sampled","gentry","97",TRUE,3998,0.800875582589679,0.872887642083524,0.882286401640285,0.0574106768040311,0.0328069653528933
190,386,"sampled","gentry","98",TRUE,3997,0.79093698448883,0.853002813328585,0.879055601417436,0.103118141715095,0.059538603505218
155,444,"sampled","gentry","99",TRUE,4000,0.799869460950849,0.853892795185196,0.886030915012449,0.123707207207207,0.0690532154467188
133,375,"sampled","gentry","100",TRUE,4000,0.790128435012982,0.843451760264802,0.881824137412937,0.126358666666667,0.0715860109092349
55,277,"sampled","gentry","101",TRUE,3999,0.752605923189187,0.779325719666103,0.870841641364225,0.151189421904213,0.0842928322158217
111,333,"sampled","gentry","103",TRUE,4000,0.779572119887245,0.834205776293493,0.876010455886718,0.132827327327327,0.075889728732901
118,393,"sampled","gentry","104",TRUE,3997,0.79535854454079,0.835228412260023,0.885592103603681,0.134147047944992,0.0754160314474873
177,380,"sampled","gentry","105",TRUE,3997,0.789681667367557,0.854498974563877,0.877882497406738,0.107377901847438,0.0617511380524088
224,405,"sampled","gentry","106",TRUE,3997,0.784356632586737,0.853876414701955,0.874179959209525,0.0931074849346887,0.0542378042452422
140,366,"sampled","gentry","107",TRUE,4000,0.784323107298059,0.843032957230599,0.878228705420585,0.123433743169399,0.0706057533775364
174,345,"sampled","gentry","108",TRUE,3998,0.771933921069203,0.844288160536642,0.870057252768009,0.10433260108315,0.0616673274713487
62,223,"sampled","gentry","109",TRUE,3999,0.729209194366276,0.770117209578835,0.863226027581243,0.151868684659954,0.0885482968359247
159,286,"sampled","gentry","110",TRUE,4000,0.751565316893464,0.831489536749314,0.857542861886304,0.0994685314685315,0.0604861143519438
194,461,"sampled","gentry","111",TRUE,3997,0.807448201988662,0.860237407171604,0.887671380211505,0.111109362390556,0.062034781660266
228,444,"sampled","gentry","112",TRUE,4000,0.796839979510423,0.860680586523366,0.880760132003924,0.0971244369369369,0.0557776798571761
173,510,"sampled","gentry","113",TRUE,4000,0.829727795846965,0.865274212676456,0.896299150045774,0.119450490196078,0.0643746844196874
120,255,"sampled","gentry","114",TRUE,3999,0.757067527066941,0.830538384603309,0.86348591468218,0.114288376015573,0.0680222796259857
283,523,"sampled","gentry","115",TRUE,4000,0.808573185336692,0.867558503464654,0.885963882876027,0.0897332695984704,0.0506902829095271
323,470,"sampled","gentry","116",TRUE,4000,0.774751387123169,0.858381521640272,0.868350831110627,0.0663760638297872,0.0392100008911689
44,267,"sampled","gentry","117",TRUE,3999,0.734194204097085,0.765475560603519,0.864148435081918,0.154265158049812,0.0855607868177518
511,702,"sampled","gentry","118",TRUE,4000,0.789608809711257,0.868386613216341,0.87774569170812,0.0558899572649573,0.0323417261481892
94,380,"sampled","gentry","119",TRUE,3998,0.785649307359839,0.821542695407891,0.884793575733521,0.141310786972434,0.0784198839068762
107,412,"sampled","gentry","120",TRUE,4000,0.795105707451427,0.832636904532859,0.886374560157255,0.138927791262136,0.0777648502147122
95,350,"sampled","gentry","121",TRUE,4000,0.777208987825277,0.821209363854655,0.882093617135785,0.140915714285714,0.0794903345113766
460,701,"sampled","gentry","122",TRUE,3999,0.807833308317418,0.872744470353488,0.886309689289208,0.0677965497080404,0.0386251319905591
171,605,"sampled","gentry","123",TRUE,3997,0.8309218724981,0.863054204258906,0.899588486236787,0.125655812107014,0.0672635845467867
104,448,"sampled","gentry","124",TRUE,4000,0.801826080796128,0.830347680651993,0.888319233723207,0.139310267857143,0.076190175222048
258,404,"sampled","gentry","125",TRUE,3998,0.770310522814846,0.849991233606358,0.868715800595533,0.0776848820449829,0.0462519797674659
84,234,"sampled","gentry","126",TRUE,3997,0.745565721242963,0.809734724768023,0.862070959734782,0.136508364179117,0.0805154377243642
275,538,"sampled","gentry","127",TRUE,3999,0.800403441855211,0.864837277713464,0.883796483752275,0.0961290508500731,0.0550749453516588
315,552,"sampled","gentry","128",TRUE,4000,0.804078473757345,0.867008594222306,0.882569625170551,0.0855140398550725,0.0489720987039928
304,364,"sampled","gentry","129",TRUE,3999,0.694300450259328,0.81080662302092,0.833527874530268,0.0412850465363594,0.0262558638658103
52,442,"sampled","gentry","130",TRUE,3997,0.782165063362204,0.79623432188651,0.883504127498193,0.141986014397676,0.0730822278033199
182,427,"sampled","gentry","131",TRUE,3998,0.80426418482066,0.855891321291334,0.882101080818678,0.112993850555254,0.0641116481017266
263,494,"sampled","gentry","132",TRUE,4000,0.801928999612405,0.865274478057555,0.881525690620124,0.0923496963562753,0.0526508761257554
503,686,"sampled","gentry","133",TRUE,4000,0.790445679010556,0.863008090740465,0.875833397672957,0.0554639212827988,0.0324196909347065
138,459,"sampled","gentry","134",TRUE,3996,0.810659561068534,0.850416369806796,0.891140443101545,0.128689146663003,0.0706360308803484
244,547,"sampled","gentry","135",TRUE,3999,0.824003214544569,0.872396727602497,0.893390376591283,0.10324473257254,0.0570735752710791
397,627,"sampled","gentry","136",TRUE,3999,0.806449048021258,0.869392757844205,0.886288362189598,0.072288805853776,0.0413199869800451
42,228,"sampled","gentry","137",TRUE,3999,0.719032314519117,0.753687708649493,0.860562614034214,0.157202677862448,0.0894346942471261
112,320,"sampled","gentry","138",TRUE,4000,0.777159029001382,0.83275013466247,0.87518289993605,0.1306203125,0.0746425917677159
358,464,"sampled","gentry","139",TRUE,3998,0.76054398942858,0.841556101712369,0.857684814554851,0.0516702316675579,0.0313922821942107
215,384,"sampled","gentry","140",TRUE,4000,0.775036635954851,0.85092435488184,0.871948132170382,0.0921529947916667,0.0540794748336837
188,386,"sampled","gentry","141",TRUE,3998,0.769556148344702,0.84594825102841,0.870131862406788,0.107869997174753,0.0638955974502281
109,413,"sampled","gentry","142",TRUE,4000,0.799310952470302,0.833411170045246,0.88621450548305,0.137992736077482,0.0761569546285718
268,411,"sampled","gentry","143",TRUE,3998,0.77793147968086,0.850776824974948,0.869951137885488,0.0739816380209569,0.0437120264877309
359,516,"sampled","gentry","144",TRUE,3998,0.776360881973329,0.856105137944817,0.870485379252025,0.0646389086015876,0.0381709719199901
111,381,"sampled","gentry","145",TRUE,3999,0.782990860536953,0.83738511951021,0.881527278723928,0.136533477201321,0.0764673862806345
762,859,"sampled","gentry","146",TRUE,4000,0.754808560491616,0.840065966612811,0.855957262846885,0.0260125145518044,0.0159755943949815
275,492,"sampled","gentry","147",TRUE,3999,0.800467323506692,0.863972351607345,0.881035829262802,0.0883884589033437,0.0506762324141557
255,396,"sampled","gentry","148",TRUE,3999,0.769772521705148,0.846445216296644,0.863958320546907,0.0777599702956042,0.0462863996128445
73,406,"sampled","gentry","149",TRUE,3999,0.788632335763435,0.80026222652714,0.884693009223757,0.146363561333683,0.0791022085960288
62,391,"sampled","gentry","150",TRUE,3999,0.786248646142601,0.792728853830984,0.883446692101286,0.145600338703602,0.0773269010853223
184,431,"sampled","gentry","151",TRUE,4000,0.79861384078485,0.861096463873358,0.881723729903608,0.111658932714617,0.0633000084114063
51,165,"sampled","gentry","152",TRUE,3998,0.684064613136122,0.753706175352892,0.843889821440684,0.15366774296239,0.0930665632851537
281,434,"sampled","gentry","153",TRUE,4000,0.773130378109139,0.851257074384124,0.870571367539344,0.0751342165898617,0.0447295916629986
672,801,"sampled","gentry","154",TRUE,3999,0.765093417505776,0.852383080859917,0.866221939665011,0.0354071039607592,0.0212651449155532
156,485,"sampled","gentry","155",TRUE,3995,0.815252323181421,0.857138915153018,0.892437249850223,0.124694011844703,0.0683747766520643
427,608,"sampled","gentry","156",TRUE,4000,0.789265721265795,0.861820572137204,0.875569683971426,0.0622380756578947,0.0362849991920042
41,160,"sampled","gentry","157",TRUE,3999,0.694577246322343,0.736277547006185,0.849441967796426,0.158922543135784,0.0944112634454828
615,778,"sampled","gentry","158",TRUE,3999,0.783738020863188,0.862650417951242,0.870384953038074,0.0443857751070158,0.0262955572421811
457,622,"sampled","gentry","159",TRUE,3997,0.778699251481644,0.860851755176216,0.87361529285009,0.0559012506968651,0.0329407843866874
224,450,"sampled","gentry","160",TRUE,4000,0.797244824963814,0.863949901750896,0.881075944034181,0.0990988888888889,0.0566097853170628
247,570,"sampled","gentry","161",TRUE,3999,0.826425101030413,0.872940388301128,0.894611339395252,0.104891573770636,0.0578634647393504
551,755,"sampled","gentry","162",TRUE,4000,0.803406099261263,0.869703915698983,0.882374805061469,0.0544529801324503,0.0311940947429192
343,524,"sampled","gentry","163",TRUE,3999,0.780415035598287,0.859911372816679,0.873959208639596,0.0722017336395167,0.0424245257015185
70,341,"sampled","gentry","164",TRUE,3999,0.76674030745995,0.792313778403853,0.879204437295075,0.149774980401992,0.0836145551622094
495,701,"sampled","gentry","165",TRUE,3998,0.803782366480802,0.869292341280683,0.883625937461989,0.0590334396870332,0.0339027349323775
239,460,"sampled","gentry","166",TRUE,3999,0.801421385728658,0.865171701314668,0.882894254813819,0.0947948943757679,0.0535743043727506
444,621,"sampled","gentry","167",TRUE,3999,0.78488573923063,0.861833560182218,0.87390706879949,0.0595181001369505,0.0347479456694077
369,536,"sampled","gentry","168",TRUE,3998,0.782046492978733,0.857216138764302,0.872987400244609,0.0658076239612344,0.0388066867704213
408,512,"sampled","gentry","169",TRUE,3999,0.757439781639089,0.839497059970234,0.858818846967709,0.0465160235371343,0.0283318676230141
233,421,"sampled","gentry","170",TRUE,3998,0.797439788517558,0.858587672979854,0.879891501378283,0.090690832352043,0.0522196292927769
439,597,"sampled","gentry","171",TRUE,4000,0.780054356295223,0.858727963078372,0.872695789627951,0.0559535175879397,0.0329121844594902
327,511,"sampled","gentry","172",TRUE,4000,0.791753969515192,0.858611417873745,0.876655364028038,0.0745670254403131,0.0434667620734084
264,444,"sampled","gentry","173",TRUE,4000,0.792632507825338,0.855558905164695,0.878700263335068,0.0834966216216216,0.0484154270076943
133,504,"sampled","gentry","174",TRUE,3999,0.820464495445995,0.849404214367599,0.894213491249889,0.131440598244799,0.0709461174707914
247,540,"sampled","gentry","175",TRUE,3998,0.815891063262454,0.869222489818083,0.890132972600985,0.102738869434717,0.0575863105128127
285,461,"sampled","gentry","176",TRUE,3999,0.781062552006481,0.85827904820659,0.872057988254847,0.0796055846933534,0.0466388769428749
622,698,"sampled","gentry","177",TRUE,3999,0.726873419487867,0.832590298260342,0.846650721702137,0.0259144298968725,0.0161535608988473
628,716,"sampled","gentry","178",TRUE,3996,0.743536591108587,0.833527163195515,0.85037780363168,0.0289259231298337,0.017862235669797
119,299,"sampled","gentry","180",TRUE,3998,0.762793129607901,0.836637983456146,0.86919548123652,0.125033252412159,0.0732747971798502
173,415,"sampled","gentry","181",TRUE,4000,0.804937300754131,0.856439001454225,0.881506294808656,0.114184939759036,0.0646972228313157
144,413,"sampled","gentry","182",TRUE,3998,0.797905614127609,0.852059576588702,0.885472521144538,0.125011658371559,0.0699727244418638
44,145,"sampled","gentry","183",TRUE,3997,0.66556395664438,0.737242658214686,0.838808775712837,0.157435317867711,0.0960365923882567
31,204,"sampled","gentry","184",TRUE,3999,0.718673435571265,0.751392402271423,0.860104676353202,0.15441115180756,0.0852166155329386
25,252,"sampled","gentry","185",TRUE,3999,0.727722026188668,0.763512340483279,0.861449179766312,0.149966062944308,0.0794520312076126
14,236,"sampled","gentry","186",TRUE,4000,0.730700130910053,0.761074497090068,0.852354368434092,0.152085805084746,0.0801930137666697
5,152,"sampled","gentry","187",TRUE,3999,0.633644863338001,0.613025409413439,0.810431507148018,0.18131013016412,0.117587857636034
14,112,"sampled","gentry","188",TRUE,3999,0.644803011974777,0.696066985672021,0.828412745218545,0.165829403779516,0.0967918294389091
307,545,"sampled","gentry","189",TRUE,3999,0.80290812971135,0.868203814863415,0.885748691587445,0.0857012418242175,0.0486592993643723
145,315,"sampled","gentry","190",TRUE,4000,0.770394607559076,0.837323505533168,0.867985670374286,0.114111111111111,0.0672401369479363
207,371,"sampled","gentry","191",TRUE,3999,0.777245833979347,0.848401049051853,0.87162475363806,0.0928486838690805,0.0546899807297703
159,404,"sampled","gentry","192",TRUE,3997,0.787199461842072,0.851027462537255,0.88209824143602,0.1201228891966,0.0686875709226905
275,516,"sampled","gentry","193",TRUE,3998,0.810258166724235,0.866072945801724,0.884921227619143,0.0916427205850988,0.0521333482104155
188,291,"sampled","gentry","194",TRUE,4000,0.727648122198092,0.828852804834788,0.851015289010901,0.0814931271477663,0.0503605062187186
202,389,"sampled","gentry","195",TRUE,4000,0.767841441718901,0.849686796190756,0.873310108167781,0.10025706940874,0.0590913230814913
183,355,"sampled","gentry","196",TRUE,4000,0.781240983763209,0.848613555159743,0.874609241309778,0.100740845070423,0.0588587194028379
30,228,"sampled","gentry","197",TRUE,3999,0.716994744388153,0.749632183509817,0.860158553765943,0.153935413677981,0.084730422215733
51,402,"sampled","gentry","198",TRUE,3998,0.78050537482257,0.787482083429757,0.884124549467035,0.143153044183783,0.0745334954647368
33,276,"sampled","gentry","199",TRUE,3997,0.748151964183585,0.765713185550699,0.868340626126328,0.149867835659353,0.0799305990008574
139,442,"sampled","gentry","200",TRUE,4000,0.806687069127577,0.848956795981406,0.889920653733864,0.127677601809955,0.0706073645970466
283,861,"sampled","gentry","201",TRUE,3998,0.852400654040643,0.890794378087437,0.907709338223803,0.109254685414717,0.056214917214999
309,775,"sampled","gentry","202",TRUE,3999,0.836198056273206,0.883572151837899,0.900504048401018,0.105394413119409,0.0568279322122519
56,789,"sampled","gentry","203",TRUE,3997,0.826108116443163,0.83267198359281,0.901556932593095,0.125548534024092,0.0575345426021524
123,409,"sampled","gentry","204",TRUE,3999,0.797503451590725,0.842252350325141,0.886210918770159,0.131698572564902,0.0732806518809116
57,157,"sampled","gentry","205",TRUE,4000,0.705954396313051,0.770755473874917,0.846321441219323,0.145062101910828,0.0879102243785533
116,459,"sampled","gentry","206",TRUE,3999,0.815191198921657,0.838003942193776,0.891078996685786,0.136072144397755,0.0741887870582248
110,315,"sampled","gentry","207",TRUE,3998,0.774869896912021,0.834785204585031,0.875807372297703,0.130239723036121,0.0742684027995416
110,481,"sampled","gentry","208",TRUE,3999,0.811937406679405,0.840054181114227,0.893146291200048,0.136943799359403,0.0732054444205948
27,93,"sampled","gentry","209",TRUE,3999,0.596657427828452,0.669455926111244,0.818947228823539,0.167921012511192,0.104854706062982
28,55,"sampled","gentry","210",TRUE,3998,0.430975765283388,0.636787188373457,0.768464367716177,0.139815362226568,0.0932393606366328
202,328,"sampled","gentry","211",TRUE,3999,0.756801128435386,0.835923143736728,0.861165650909237,0.0854436170018114,0.0516522504216039
51,312,"sampled","gentry","212",TRUE,3998,0.755815086012903,0.772677326915701,0.874358111035148,0.151410641218045,0.0833935673349236
365,487,"sampled","gentry","213",TRUE,4000,0.76332676165653,0.847995156181663,0.863068960742982,0.0552951745379877,0.0331867170392369
351,478,"sampled","gentry","214",TRUE,3999,0.767716828931596,0.849302147100326,0.864685571932201,0.0584157545662566,0.0349372355991432
412,537,"sampled","gentry","215",TRUE,4000,0.753662407830539,0.849738291998753,0.860666196254256,0.051883147113594,0.0312851914395655
221,355,"sampled","gentry","216",TRUE,3999,0.74947147804567,0.842106133051215,0.863098504752757,0.0832609560840914,0.0500589997046254
408,574,"sampled","gentry","217",TRUE,4000,0.783584959106377,0.860190139145776,0.870809750969465,0.0610060975609756,0.0358762983532238
186,589,"sampled","gentry","218",TRUE,3996,0.827090140372979,0.869150236099605,0.900138988725839,0.120408184075417,0.0642034297408209
228,341,"sampled","gentry","219",TRUE,4000,0.744258938414485,0.837879344868324,0.855778770494803,0.0746099706744868,0.045448316166501
417,661,"sampled","gentry","220",TRUE,3998,0.813497559815401,0.872549170440878,0.888164915305409,0.0719732029403507,0.0408046687349076
226,405,"sampled","gentry","221",TRUE,3998,0.781946728024927,0.855086030845814,0.87134631999673,0.0916655858793594,0.053558121245391
95,407,"sampled","gentry","222",TRUE,4000,0.792052345028882,0.820237530650452,0.885938011790594,0.142235872235872,0.0784142565677657
65,546,"sampled","gentry","223",TRUE,4000,0.813891174751729,0.814642288209758,0.8964693018556,0.135406135531136,0.0672382293937585
254,397,"sampled","gentry","224",TRUE,3999,0.768767513475277,0.851943015303175,0.868386139946942,0.07735624082343,0.0456021772122479
77,286,"sampled","gentry","225",TRUE,4000,0.76108090102699,0.803416223454762,0.870811699271542,0.145726398601399,0.0835558597339733
71,155,"sampled","gentry","226",TRUE,4000,0.672967222520479,0.781631214043163,0.835105276650514,0.130277419354839,0.0818357818559932
9,53,"sampled","gentry","1",FALSE,3998,0.559519063091482,0.62636593150976,0.792059102229625,0.177853077482137,0.110491968722922
8,41,"sampled","gentry","2",FALSE,4000,0.538559562583434,0.600016019325525,0.77806635611264,0.180158536585366,0.112953272915871
12,152,"sampled","gentry","3",FALSE,3999,0.677730163331863,0.723216175102537,0.835071752294802,0.162353088272068,0.0916340541005152
28,212,"sampled","gentry","4",FALSE,3999,0.711671592794797,0.74984110288629,0.855057918631433,0.155860899187061,0.0857570130462186
19,192,"sampled","gentry","5",FALSE,4000,0.698713588405609,0.740442965861162,0.849599343468408,0.15699609375,0.0865831337545192
30,166,"sampled","gentry","6",FALSE,3998,0.695569067471046,0.73502084661626,0.851618648216962,0.159329664832416,0.0909674985451041
25,175,"sampled","gentry","7",FALSE,4000,0.708805016413696,0.734567931565565,0.850713169008628,0.158227142857143,0.0885103811980334
20,188,"sampled","gentry","8",FALSE,3999,0.700065680971703,0.743039927389177,0.848992273177477,0.157724271493405,0.0869529896300335
21,148,"sampled","gentry","9",FALSE,3998,0.678973657664622,0.717357248081141,0.840471304598746,0.160950407636251,0.0919231481293528
26,226,"sampled","gentry","10",FALSE,3999,0.725386610841924,0.752870485722427,0.858155301699065,0.153660096440039,0.0839520937574438
17,95,"sampled","gentry","11",FALSE,3999,0.603115189320904,0.67021196071251,0.818200679931182,0.171371790316,0.103278693518858
24,162,"sampled","gentry","12",FALSE,3998,0.675568516567472,0.716749888057026,0.843724280430454,0.161489695465016,0.09254825443848
23,184,"sampled","gentry","13",FALSE,3998,0.698996540161434,0.737378320750478,0.849701039817503,0.157340898710225,0.0874425188553354
21,186,"sampled","gentry","14",FALSE,4000,0.697785903865824,0.737326337396927,0.849189019289076,0.155653225806452,0.0859100108266865
23,211,"sampled","gentry","15",FALSE,3999,0.725276621391778,0.756016618983751,0.857203117347823,0.15307262834666,0.0827742616004483
20,118,"sampled","gentry","16",FALSE,3999,0.629728952644033,0.693696991862527,0.828748187698052,0.167633009947402,0.0992535542884391
18,117,"sampled","gentry","17",FALSE,3999,0.653733670466769,0.699717610761729,0.832831092189685,0.165778624143215,0.0965617268040119
22,141,"sampled","gentry","18",FALSE,4000,0.667813336654591,0.712102113111547,0.84206704490709,0.162232269503546,0.09388611692927
20,119,"sampled","gentry","19",FALSE,4000,0.663372187652484,0.699051371049129,0.834727858564788,0.16555462184874,0.0964334939825056
24,172,"sampled","gentry","20",FALSE,3998,0.693680203677444,0.737981327914019,0.848932004646941,0.157776562699955,0.0884853129297209
2,74,"sampled","gentry","21",FALSE,666,0.638594955155957,0.455944175999458,0.945945945945946,0.171171171171171,0.11388169936582
15,139,"sampled","gentry","22",FALSE,3999,0.681481311264635,0.728586446801118,0.836382902244255,0.162398513297389,0.0911033739761014
14,145,"sampled","gentry","23",FALSE,4000,0.686952214325824,0.722356532659502,0.837398845311366,0.162403448275862,0.0916157323080262
13,209,"sampled","gentry","24",FALSE,3998,0.701413553092276,0.744237306112776,0.84528041297324,0.156361673659796,0.0853495230881955
20,94,"sampled","gentry","25",FALSE,4000,0.58939502967646,0.660717938814166,0.820044969772486,0.170002659574468,0.103919410775767
14,198,"sampled","gentry","26",FALSE,4000,0.702241463058937,0.736683999749551,0.845178006791439,0.156563131313131,0.0861652191383351
22,162,"sampled","gentry","27",FALSE,3999,0.683661481001415,0.728824774003329,0.84611981291116,0.159904173574258,0.0900993302108703
24,148,"sampled","gentry","28",FALSE,4000,0.666324843062963,0.710614800809276,0.841201809479505,0.163023648648649,0.0940676296123825
58,430,"sampled","gentry","29",FALSE,3999,0.781820678866147,0.788409843912129,0.884946756548204,0.145690492390539,0.0766618191420534
49,305,"sampled","gentry","30",FALSE,3999,0.749620846947296,0.770237548342635,0.870146660062997,0.152811153608074,0.0843948830992639
53,127,"sampled","gentry","31",FALSE,3999,0.645654668606478,0.747763691748868,0.828129598530967,0.142384021202151,0.0901434135989971
116,283,"sampled","gentry","32",FALSE,3997,0.766247596956767,0.831440584135277,0.868410909080233,0.123910070361959,0.0726144576817667
128,338,"sampled","gentry","33",FALSE,3999,0.780749282048961,0.843819065109343,0.879117511035121,0.123166886396155,0.0705093061764679
132,304,"sampled","gentry","34",FALSE,3998,0.77366990293697,0.843308019514214,0.870900370771649,0.116341065269477,0.0675561858438796
111,248,"sampled","gentry","35",FALSE,3999,0.742686344832096,0.825731588405174,0.860385053616671,0.11983036081601,0.07160138263706
123,262,"sampled","gentry","36",FALSE,3997,0.740723709464056,0.825887709864555,0.861300062504337,0.116558793140657,0.0700557734629983
40,268,"sampled","gentry","37",FALSE,4000,0.734969187497547,0.759389522616449,0.866356701713466,0.153446828358209,0.0841390861404621
39,167,"sampled","gentry","38",FALSE,3999,0.678868706455793,0.72790672088206,0.846463751208753,0.162224687908504,0.0965872607156355
40,445,"sampled","gentry","39",FALSE,4000,0.787895882478201,0.799727696594976,0.883896565258349,0.138752808988764,0.0691087414006502
52,533,"sampled","gentry","40",FALSE,4000,0.803501714918,0.808162125967454,0.890933924878942,0.135242495309568,0.0667011298602563
27,257,"sampled","gentry","41",FALSE,3998,0.732100427616231,0.764347520987997,0.863038237050257,0.151100842249919,0.0811607102102876
34,270,"sampled","gentry","42",FALSE,3998,0.750362250937113,0.768213513691765,0.867903895783737,0.150679043225316,0.0802830654560392
70,326,"sampled","gentry","43",FALSE,4000,0.771728607324835,0.804179789563382,0.877859346910508,0.147009969325153,0.0815674441760532
70,450,"sampled","gentry","44",FALSE,4000,0.804604638856031,0.800932405528981,0.890180483538723,0.143657222222222,0.0760898111336609
80,373,"sampled","gentry","45",FALSE,3999,0.786212976306415,0.806089687564221,0.880325515953957,0.146281878780687,0.0810007998714669
59,220,"sampled","gentry","46",FALSE,4000,0.73421725885541,0.778428810016877,0.861062647935462,0.151432954545455,0.0878777002732993
92,282,"sampled","gentry","47",FALSE,3999,0.766408374989217,0.81717890536879,0.872089812844798,0.136939376688144,0.0790420338983281
28,152,"sampled","gentry","48",FALSE,3999,0.677645570621612,0.718982736487575,0.842709612140356,0.163019373264369,0.0955301647316881
35,152,"sampled","gentry","49",FALSE,3999,0.668888017500474,0.716872266866947,0.840089841173266,0.164106816177729,0.0988710835152258
10,45,"sampled","gentry","50",FALSE,4000,0.524163481264148,0.60207018009098,0.783701324682396,0.178733333333333,0.111524499053428
85,277,"sampled","gentry","51",FALSE,3999,0.759137154698725,0.810527484285419,0.868839291523133,0.141780029845006,0.0825405700299341
59,186,"sampled","gentry","52",FALSE,3998,0.711946709159808,0.769484415569103,0.851398001952392,0.150229684734841,0.0902941199093752
73,251,"sampled","gentry","53",FALSE,3998,0.756838104133286,0.796594849015542,0.870447192682333,0.144752655212068,0.0828859131448464
109,302,"sampled","gentry","54",FALSE,3999,0.772743301892966,0.831037736275316,0.87467472559752,0.129112576157284,0.0743049422140522
131,314,"sampled","gentry","55",FALSE,4000,0.766980912586687,0.835605630621968,0.870586548085116,0.121261942675159,0.0709747989035275
34,133,"sampled","gentry","56",FALSE,4000,0.624698465376934,0.702079202581613,0.832130915215999,0.167103383458647,0.103382001617637
41,293,"sampled","gentry","57",FALSE,3999,0.755057156129294,0.765342718034281,0.872417526767776,0.150482159789094,0.0818608525007416
35,178,"sampled","gentry","58",FALSE,3997,0.701893620620215,0.733824690662077,0.85056057001422,0.160762425751898,0.0933977390092835
35,414,"sampled","gentry","59",FALSE,3998,0.782665709568032,0.797175213687793,0.882068676069436,0.138186242879894,0.0683922892304229
20,186,"sampled","gentry","60",FALSE,3999,0.720738213693667,0.743296622747376,0.851409833949277,0.155975821912467,0.0857601735346219
99,234,"sampled","gentry","61",FALSE,3999,0.729677801404832,0.81768886262332,0.858488087737934,0.126128754410825,0.0752731173252664
78,449,"sampled","gentry","62",FALSE,4000,0.788666054926615,0.804779021980585,0.887791129134943,0.144600222717149,0.078033806157379
36,374,"sampled","gentry","63",FALSE,3997,0.775956147873221,0.788573897083875,0.879732092169469,0.142254418086292,0.0723768241008411
43,314,"sampled","gentry","64",FALSE,4000,0.754285455533905,0.777943031922037,0.870491211913324,0.150131369426752,0.0805535552617648
105,305,"sampled","gentry","65",FALSE,3996,0.776189260663603,0.831721998619883,0.874453184631372,0.132259308488817,0.0755019442804262
146,487,"sampled","gentry","66",FALSE,4000,0.80911744946271,0.853883570515357,0.893212613658902,0.127941991786448,0.0699820717677372
178,365,"sampled","gentry","67",FALSE,3998,0.77258524785723,0.845221110996521,0.871109154805851,0.107117257258766,0.063596849205112
156,433,"sampled","gentry","68",FALSE,3999,0.807015435382413,0.855655071755009,0.887509270308215,0.121306885612858,0.0674714113354791
133,309,"sampled","gentry","69",FALSE,4000,0.763308221280538,0.833169047444372,0.869082884382589,0.119949838187702,0.0709480641438172
112,441,"sampled","gentry","70",FALSE,4000,0.797246848252544,0.833580607350361,0.886618033567506,0.138240362811791,0.0765003473796233
73,364,"sampled","gentry","71",FALSE,4000,0.769651010654508,0.800296194487701,0.880030770266841,0.148083791208791,0.0820203839020291
154,279,"sampled","gentry","72",FALSE,3999,0.744610355842311,0.833599984196401,0.859686640886738,0.0988410184983522,0.059651662251622
90,516,"sampled","gentry","73",FALSE,3998,0.813180633165608,0.822120214972579,0.896439599117221,0.140082153479841,0.0734625979147486
56,142,"sampled","gentry","74",FALSE,4000,0.661428390057661,0.754030576999295,0.8356931846979,0.144316901408451,0.090307331807708
43,172,"sampled","gentry","75",FALSE,3998,0.701180761958897,0.736762032317239,0.853361026855449,0.158221552636784,0.0932939268004539
27,345,"sampled","gentry","76",FALSE,3999,0.753456758918264,0.790521583731566,0.870676826714975,0.141639032946642,0.0709573484898121
34,164,"sampled","gentry","77",FALSE,3999,0.665565027284899,0.71740470881638,0.844942097785602,0.164565531626809,0.0976941338453791
116,378,"sampled","gentry","78",FALSE,3998,0.78865433188619,0.83603999344026,0.883452538731668,0.133619058206352,0.0755386210229738
104,242,"sampled","gentry","79",FALSE,3998,0.738338898848115,0.818135071404192,0.86236347066903,0.12433282757081,0.0741017833191186
166,343,"sampled","gentry","80",FALSE,3999,0.779477210844465,0.845421604718838,0.871207442106655,0.107768924738473,0.0633451320374563
134,418,"sampled","gentry","81",FALSE,4000,0.79362436257874,0.844858631674469,0.884373107600799,0.130589114832536,0.0733256729963762
214,333,"sampled","gentry","82",FALSE,4000,0.758415432816897,0.83686912565135,0.858818990658309,0.0804294294294294,0.0484896110240333
144,338,"sampled","gentry","83",FALSE,3998,0.777749329794029,0.841677695060252,0.873415202642228,0.118069389724448,0.0686575452611054
205,406,"sampled","gentry","84",FALSE,4000,0.797745643409496,0.856825087895056,0.878677553937574,0.0994464285714286,0.0570500561314887
91,304,"sampled","gentry","85",FALSE,4000,0.763717060526161,0.813835692310076,0.87254918692392,0.1410625,0.0812197529800019
115,268,"sampled","gentry","86",FALSE,3998,0.756935436833924,0.830726112656123,0.865502776957504,0.12144038437129,0.0713079303652764
12,252,"sampled","gentry","87",FALSE,3999,0.704527530029354,0.743362935182371,0.846692075254361,0.155049675117192,0.0842734224052885
18,275,"sampled","gentry","88",FALSE,3999,0.739047516050622,0.770855828236108,0.860181365203802,0.148237059264816,0.0770697812505513
16,336,"sampled","gentry","89",FALSE,4000,0.744570823088482,0.781542904695973,0.861800355194721,0.145685267857143,0.0738194112928778
120,348,"sampled","gentry","90",FALSE,3999,0.784686390989882,0.837475888997967,0.880362994214112,0.128902196813571,0.0736426966078859
63,388,"sampled","gentry","91",FALSE,4000,0.783517285550083,0.796443196656371,0.882963777595976,0.146853092783505,0.0786181346618178
85,317,"sampled","gentry","92",FALSE,3999,0.777463854247246,0.816710179063858,0.877676588658284,0.141831199124702,0.0793233160836515
143,412,"sampled","gentry","93",FALSE,3998,0.792549558161255,0.844819350178098,0.883548749261878,0.127003428898915,0.0719922961421202
160,375,"sampled","gentry","94",FALSE,3999,0.783024332713163,0.849802221136707,0.878079123821994,0.114766691672918,0.0661584693996773
62,280,"sampled","gentry","95",FALSE,3998,0.764588898459347,0.788880154188707,0.87160904722682,0.150499356821268,0.0850043297562287
250,439,"sampled","gentry","96",FALSE,4000,0.794316583900867,0.862638908275366,0.880706706360615,0.0866828018223235,0.049802051738015
244,465,"sampled","gentry","97",FALSE,3999,0.796902486605252,0.860561815338761,0.880519119849416,0.0956604742583495,0.0550138448650263
85,281,"sampled","gentry","98",FALSE,4000,0.769672078705738,0.812450916100093,0.871471183784764,0.141065836298932,0.0807982661173563
102,391,"sampled","gentry","99",FALSE,3999,0.792638917590255,0.82194616037043,0.886217818693186,0.139482440942717,0.0778645249868085
71,313,"sampled","gentry","100",FALSE,4000,0.773785248511178,0.797653659456096,0.876975844329816,0.147522364217252,0.0822158270566214
43,265,"sampled","gentry","101",FALSE,3999,0.733931329685844,0.758803786493438,0.86710015752593,0.153966793585189,0.085727663819599
64,286,"sampled","gentry","103",FALSE,3999,0.761851461608114,0.788559748278068,0.872361236547767,0.150251723770103,0.0846019140843783
73,348,"sampled","gentry","104",FALSE,4000,0.772510827092906,0.796845573387682,0.878960040757762,0.148353448275862,0.0825815867380875
107,310,"sampled","gentry","105",FALSE,4000,0.761611720828747,0.824516952729375,0.872643857081825,0.132942741935484,0.0768725241912123
122,303,"sampled","gentry","106",FALSE,3999,0.76643070125602,0.834048632664241,0.870656343239229,0.124199366673352,0.0724565599877105
96,322,"sampled","gentry","107",FALSE,3998,0.778894890340011,0.822319698789204,0.880111708385111,0.137388570061428,0.077717986035237
96,267,"sampled","gentry","108",FALSE,4000,0.767998982779729,0.820948211309022,0.867705023346534,0.133294007490637,0.077799650213957
47,208,"sampled","gentry","109",FALSE,4000,0.727782822191226,0.756797547068937,0.861122685200556,0.155073317307692,0.0895950243376239
78,205,"sampled","gentry","110",FALSE,3999,0.735738366816815,0.803678052960606,0.858060861332955,0.134987405387932,0.0803459581786886
118,385,"sampled","gentry","111",FALSE,3999,0.803668188922965,0.844303278481414,0.886174105315772,0.130593687382885,0.0718281312364144
145,361,"sampled","gentry","112",FALSE,4000,0.785345397711132,0.845970481958461,0.877023801207227,0.120312326869806,0.0687607460609976
103,440,"sampled","gentry","113",FALSE,4000,0.802146754208473,0.83178548053843,0.88730583827118,0.139303409090909,0.0763636913567095
71,206,"sampled","gentry","114",FALSE,3999,0.705934165661327,0.78744316590548,0.855010117202235,0.144801977193327,0.0871318672075262
91,331,"sampled","gentry","115",FALSE,3998,0.782312090962229,0.817445000263727,0.881152003264463,0.141213355922674,0.0795131731656802
173,320,"sampled","gentry","116",FALSE,4000,0.766498912885469,0.839744821776721,0.865607913490123,0.0990609375,0.0592465397370953
34,257,"sampled","gentry","117",FALSE,4000,0.739884650077758,0.767079249858228,0.868733556848136,0.149118677042802,0.0802701402058218
211,402,"sampled","gentry","118",FALSE,4000,0.787736198256396,0.855018765915395,0.876104975756455,0.0972605721393035,0.0564875071436582
51,337,"sampled","gentry","119",FALSE,3999,0.762591536223997,0.780930583041215,0.877589685751296,0.149029839062139,0.0804664671480088
74,379,"sampled","gentry","120",FALSE,4000,0.786013062389425,0.809351019825598,0.884145586170813,0.144869393139842,0.0786464645797887
62,317,"sampled","gentry","121",FALSE,3999,0.756647711115853,0.785934975837288,0.875743247991122,0.150262328989187,0.084018263863855
234,475,"sampled","gentry","122",FALSE,4000,0.804346773421815,0.864809950645346,0.885510950644853,0.0992157894736842,0.0559981101265477
107,541,"sampled","gentry","123",FALSE,3999,0.811700260772565,0.829590965029204,0.894671662425097,0.138901176310714,0.0746338754536127
84,428,"sampled","gentry","124",FALSE,3998,0.797504998007001,0.81684519755526,0.886864330708283,0.143349127834945,0.0775171309929413
114,260,"sampled","gentry","125",FALSE,3998,0.752473462022973,0.826177208584376,0.861685816228369,0.121087466810328,0.0724428291814537
49,199,"sampled","gentry","126",FALSE,4000,0.720918984781393,0.747277344370171,0.856420219355432,0.158165829145729,0.0937409879230326
131,394,"sampled","gentry","127",FALSE,4000,0.80494492794403,0.847919406037238,0.8852406862489,0.127746827411168,0.0711427058553644
161,398,"sampled","gentry","128",FALSE,3997,0.792130474623885,0.853746846112427,0.879822268387272,0.117116732021378,0.0661045932218807
119,179,"sampled","gentry","129",FALSE,3996,0.676907080869605,0.794312207996813,0.826596515927471,0.0844741389434127,0.0539299618834879
40,430,"sampled","gentry","130",FALSE,3999,0.786181536059253,0.800053141622548,0.885598539200934,0.137394232279,0.0678759278787077
94,339,"sampled","gentry","131",FALSE,3999,0.781077529667559,0.822365851798884,0.88268908846088,0.139544473138934,0.0777586951664025
143,374,"sampled","gentry","132",FALSE,4000,0.784645460410902,0.849048397279422,0.878221063961784,0.122234625668449,0.0693897512471586
212,395,"sampled","gentry","133",FALSE,3999,0.785239598317546,0.852378017570918,0.875525463441082,0.0958138268744401,0.0558061372450574
82,403,"sampled","gentry","134",FALSE,3999,0.783817116280678,0.801649968448566,0.885149734249144,0.14697160642518,0.0812330577306202
127,430,"sampled","gentry","135",FALSE,3999,0.80093168102787,0.84704463955508,0.888556961193517,0.130815843495758,0.0720280323335935
178,408,"sampled","gentry","136",FALSE,3997,0.802504002245268,0.858996274435655,0.882119842659278,0.11076015344842,0.0626049015411374
35,221,"sampled","gentry","137",FALSE,4000,0.71459795742142,0.750019970572923,0.859362898982031,0.156342760180995,0.0879870502724837
62,270,"sampled","gentry","138",FALSE,3999,0.755360952095741,0.784688939113942,0.871369658677227,0.150767321459995,0.0858507148196326
129,235,"sampled","gentry","139",FALSE,3998,0.730570674053092,0.822306985802764,0.852342772290862,0.102721573552734,0.0628688600725517
106,275,"sampled","gentry","140",FALSE,3999,0.753932033159944,0.823709750671359,0.867636208042028,0.129434176726,0.0764332743818409
112,310,"sampled","gentry","141",FALSE,3999,0.774660595892817,0.828071544701533,0.875806769958888,0.129850204486606,0.0750859347833957
80,384,"sampled","gentry","142",FALSE,3998,0.788336010778041,0.805023172120278,0.884673565473009,0.145136370268468,0.0802811641166553
135,278,"sampled","gentry","143",FALSE,3999,0.763224014364659,0.833272451614819,0.866525660266655,0.110249684723339,0.0652683118591271
99,256,"sampled","gentry","144",FALSE,4000,0.74059987969015,0.82354796689283,0.864152037240682,0.12998046875,0.0763845903956094
77,347,"sampled","gentry","145",FALSE,3999,0.765609797135563,0.794190372206952,0.879810334438953,0.147879188817377,0.0833467568781207
240,337,"sampled","gentry","146",FALSE,4000,0.744194495472959,0.833952322540708,0.852676225513815,0.06613353115727,0.0406909562641101
142,359,"sampled","gentry","147",FALSE,3999,0.782357358113081,0.84701350307989,0.879092020073522,0.120663870703052,0.0694065074838218
127,268,"sampled","gentry","148",FALSE,3998,0.75381198385797,0.826382397105476,0.860718801474007,0.115726706636901,0.0697485523742935
55,388,"sampled","gentry","149",FALSE,3999,0.778638170518848,0.792281460867506,0.880892160670908,0.145439710443075,0.0765358707298726
47,376,"sampled","gentry","150",FALSE,3999,0.784192979206627,0.786782849262181,0.880421582655862,0.144387825679824,0.0751893898755848
95,342,"sampled","gentry","151",FALSE,3998,0.788742137330958,0.819358591010188,0.882231251106947,0.139800163239514,0.0785048487844431
38,152,"sampled","gentry","152",FALSE,3999,0.677569241351599,0.719976399057282,0.844082795346978,0.162086574275148,0.0975431771252436
137,290,"sampled","gentry","153",FALSE,4000,0.759598684959098,0.834244412258225,0.867185799242195,0.11240775862069,0.0673526145502206
215,344,"sampled","gentry","154",FALSE,3999,0.74572068525214,0.840880924011391,0.859113512188632,0.083309344778055,0.050354371035374
109,438,"sampled","gentry","155",FALSE,4000,0.810521515357417,0.838799427968223,0.891549383215726,0.13612100456621,0.073393321193462
149,330,"sampled","gentry","156",FALSE,3998,0.781805877197614,0.8407376937723,0.875636926548015,0.11281246683948,0.0652932908209824
29,148,"sampled","gentry","157",FALSE,4000,0.669935366311802,0.713598024833264,0.843671710088012,0.163533783783784,0.0959821887070224
209,372,"sampled","gentry","158",FALSE,3999,0.763946975059269,0.849431245073744,0.870456529723676,0.0923564224389431,0.0541879260241285
235,400,"sampled","gentry","159",FALSE,3998,0.779755219930504,0.851030385691183,0.870799030583369,0.0868146573286643,0.0513231308781128
107,333,"sampled","gentry","160",FALSE,3998,0.790692779059213,0.835597929493018,0.880572735667128,0.13215091028998,0.073586581439097
159,482,"sampled","gentry","161",FALSE,3997,0.813631829778102,0.857728822593168,0.890471522486813,0.12399185281077,0.0686750501134094
241,445,"sampled","gentry","162",FALSE,3998,0.791296115865921,0.859190963471697,0.879780390888454,0.093041464552501,0.0537167269320304
170,351,"sampled","gentry","163",FALSE,4000,0.788274946297034,0.850798779880899,0.876854441063724,0.10495584045584,0.0603264244052896
51,322,"sampled","gentry","164",FALSE,3999,0.772131427576648,0.777959108547492,0.879411245517141,0.147817233811558,0.0797636944367375
227,433,"sampled","gentry","165",FALSE,3998,0.793286893711091,0.856117394435951,0.879805552961216,0.0962467376875505,0.0553523656130453
129,350,"sampled","gentry","166",FALSE,3999,0.791110132727168,0.842526786563252,0.879765849268366,0.125078412460258,0.0711861326389564
186,363,"sampled","gentry","167",FALSE,4000,0.783938410837952,0.85062293280361,0.874073345778386,0.10106129476584,0.0586075306629765
171,338,"sampled","gentry","168",FALSE,3998,0.771901947604028,0.844267400382217,0.86971116241339,0.10425553013193,0.0611914365920435
175,279,"sampled","gentry","169",FALSE,4000,0.722843300966674,0.828452715972791,0.850273165556831,0.0858960573476703,0.0526663634255886
116,304,"sampled","gentry","170",FALSE,4000,0.772904056500078,0.829222954622606,0.874094696528747,0.127214638157895,0.0742032596011671
171,329,"sampled","gentry","171",FALSE,3998,0.764740567914872,0.84322475957445,0.867810001550958,0.101952191901422,0.0605986125457983
148,332,"sampled","gentry","172",FALSE,4000,0.773735364084981,0.843436046231362,0.872163457485769,0.114921686746988,0.0669327269975156
135,315,"sampled","gentry","173",FALSE,3999,0.764240330029055,0.836974472534278,0.869627999085706,0.119452879092789,0.0704108121835096
96,467,"sampled","gentry","174",FALSE,3999,0.799609391359997,0.818829997211187,0.885814221993368,0.143989423480067,0.0788508978723752
152,445,"sampled","gentry","175",FALSE,3996,0.810021790216017,0.854500373635516,0.887609275972022,0.123822699103598,0.0685543347719973
147,323,"sampled","gentry","176",FALSE,3999,0.768729644404992,0.843063863144726,0.873242312805193,0.11261871195353,0.0652498507930999
188,264,"sampled","gentry","177",FALSE,4000,0.70484723693271,0.817015522825803,0.837694646758609,0.0698049242424242,0.0438717951379581
204,292,"sampled","gentry","178",FALSE,4000,0.725311251690501,0.825571828549834,0.848030227540858,0.070763698630137,0.0435407993614357
64,244,"sampled","gentry","180",FALSE,3998,0.728863181453801,0.783061545447141,0.863560960117209,0.15130516077711,0.0881892616521703
85,327,"sampled","gentry","181",FALSE,4000,0.766634224971654,0.810727945483699,0.875765377073948,0.144125382262997,0.0815250398515864
74,343,"sampled","gentry","182",FALSE,4000,0.773128152174653,0.794821836412011,0.880847277022929,0.147693148688047,0.0828929880523755
31,132,"sampled","gentry","183",FALSE,3997,0.662033259254146,0.703501380519176,0.840823813467144,0.163095806703512,0.0965522063416596
15,188,"sampled","gentry","184",FALSE,4000,0.710153104302522,0.741308546765227,0.848825644240117,0.155106382978723,0.0852309872309251
20,247,"sampled","gentry","185",FALSE,4000,0.725200374288349,0.764899911421199,0.85882347263792,0.150477732793522,0.0797559038444581
10,232,"sampled","gentry","186",FALSE,4000,0.686387486478493,0.72133422466539,0.838159042779577,0.161431034482759,0.0913663410810249
4,151,"sampled","gentry","187",FALSE,3999,0.66060284666379,0.583138056512161,0.819136596469827,0.181757359869769,0.119178375546476
11,109,"sampled","gentry","188",FALSE,3999,0.654685877963466,0.688362640819903,0.823740370164616,0.16904684886818,0.0996966651164367
172,410,"sampled","gentry","189",FALSE,4000,0.8054296013908,0.85682732390492,0.885133939071783,0.113148170731707,0.0636586551301022
95,265,"sampled","gentry","190",FALSE,4000,0.750100587203064,0.815625321531682,0.868033310586141,0.133816981132075,0.0780478276257132
101,265,"sampled","gentry","191",FALSE,3999,0.750069538391768,0.82171889428641,0.864921487078245,0.131335664104705,0.077257582667366
87,332,"sampled","gentry","192",FALSE,3999,0.783990727397776,0.811436830062841,0.880920287289259,0.142892650873562,0.0803868459102572
114,355,"sampled","gentry","193",FALSE,3998,0.796136593502988,0.835055847707101,0.880565508118208,0.132867137794249,0.0746677781159081
75,178,"sampled","gentry","194",FALSE,4000,0.707299002392633,0.795889535570691,0.847472830075975,0.131926966292135,0.0803361423766123
115,302,"sampled","gentry","195",FALSE,4000,0.773171595817189,0.829333683403432,0.872511715706297,0.127774834437086,0.0742762273398783
99,271,"sampled","gentry","196",FALSE,3999,0.753288430712343,0.818879985158746,0.865773713210196,0.133547224444487,0.0790284903857925
24,222,"sampled","gentry","197",FALSE,4000,0.713235578741445,0.753498663491863,0.8536722261164,0.153298423423423,0.0831218523511075
35,386,"sampled","gentry","198",FALSE,4000,0.757694828148843,0.783180754099726,0.875454622150158,0.143289507772021,0.073426098277177
29,272,"sampled","gentry","199",FALSE,3999,0.746255063838665,0.765569055639532,0.866524136932481,0.148325684362267,0.078611681605521
86,389,"sampled","gentry","200",FALSE,4000,0.795089004638158,0.814129934462341,0.88576913131871,0.143818123393316,0.0788503913735191
200,778,"sampled","gentry","201",FALSE,3998,0.84686871642459,0.871498695513326,0.90819330522878,0.123136118187629,0.063987694388632
203,669,"sampled","gentry","202",FALSE,4000,0.84179282119329,0.872939843032726,0.905127324320387,0.118812032884903,0.0625331349205284
46,779,"sampled","gentry","203",FALSE,3999,0.822070463556888,0.836530172169734,0.898229116815627,0.124873965603082,0.0562138323618719
64,350,"sampled","gentry","204",FALSE,3999,0.774889693466315,0.78946365750016,0.881179911098711,0.148245632836781,0.0812027572733262
42,142,"sampled","gentry","205",FALSE,4000,0.659014151094599,0.72834475178822,0.839383121803026,0.159818661971831,0.0980353068304796
79,422,"sampled","gentry","206",FALSE,4000,0.796506156445195,0.812497499548662,0.886456499248653,0.14463981042654,0.0775274738993952
83,288,"sampled","gentry","207",FALSE,4000,0.76636288462203,0.807511280870592,0.874368828252802,0.142645833333333,0.0813872915737295
60,431,"sampled","gentry","208",FALSE,3999,0.781371840252163,0.790035891962108,0.884546596488306,0.145387274892969,0.0773661258688165
15,81,"sampled","gentry","209",FALSE,4000,0.607972076747136,0.662306326405182,0.815124751319785,0.17220987654321,0.104377511415132
17,44,"sampled","gentry","210",FALSE,3994,0.389318217049882,0.558278918707818,0.759551229170593,0.169214048345245,0.111547142059361
88,214,"sampled","gentry","211",FALSE,3998,0.727181175729945,0.807657684767747,0.855771493034,0.130892549078277,0.0791831099387254
37,298,"sampled","gentry","212",FALSE,4000,0.760295994866952,0.772538983787216,0.873698552762305,0.146854026845638,0.077495163264923
139,261,"sampled","gentry","213",FALSE,3999,0.744775276799174,0.829746447982553,0.85706770384721,0.104021216031977,0.0627680388481347
165,292,"sampled","gentry","214",FALSE,3999,0.754673966045671,0.83655921648221,0.861972395803399,0.0957628105656551,0.0570584725135105
171,296,"sampled","gentry","215",FALSE,3999,0.739290559179265,0.834024146019461,0.860386958245684,0.0936205335117563,0.0564913066648604
97,231,"sampled","gentry","216",FALSE,4000,0.74077135804842,0.817041263001613,0.860855925016814,0.126094155844156,0.0750913809745819
167,333,"sampled","gentry","217",FALSE,4000,0.76699406942355,0.840049728371363,0.86847622769026,0.105816816816817,0.0626844132445516
135,538,"sampled","gentry","218",FALSE,4000,0.818253663682256,0.848353370807024,0.896202802669532,0.132056226765799,0.0711898536753701
109,222,"sampled","gentry","219",FALSE,4000,0.72371412441691,0.818927997852152,0.853391606655422,0.115054054054054,0.069801926860242
181,425,"sampled","gentry","220",FALSE,3998,0.797189676620422,0.856920875240371,0.884485939094345,0.112131948327105,0.0635999904519401
121,300,"sampled","gentry","221",FALSE,3997,0.770039018480064,0.838146635634494,0.87243830062842,0.122059044283212,0.0709554967099499
54,366,"sampled","gentry","222",FALSE,3998,0.775589130206484,0.783508039729514,0.880242600630731,0.147312727401952,0.0784296920939756
58,539,"sampled","gentry","223",FALSE,3997,0.797743738974209,0.802017244701639,0.890443416666751,0.139121038366901,0.0706147332021924
118,261,"sampled","gentry","224",FALSE,3999,0.752841597266206,0.827613783104898,0.862893734709429,0.118908079510299,0.0706749051400778
58,267,"sampled","gentry","225",FALSE,3999,0.762268659439449,0.779609252338174,0.874429479972864,0.149947599259365,0.0841476508247641
28,112,"sampled","gentry","226",FALSE,3999,0.6174341319552,0.686912509270481,0.829974538965216,0.166162076233344,0.100910406077814
