"","sim","source","dat","site","singletons","s0","n0","nparts","skew","shannon","simpson","nsingletons","mean_po_comparison","n_po_comparisons","skew_percentile","shannon_percentile","simpson_percentile","skew_percentile_excl","simpson_percentile_excl","shannon_percentile_excl","nsingletons_percentile","nsingletons_percentile_excl","mean_po_comparison_percentile","mean_po_comparison_percentile_excl","mean_po_comparison_sims"
"1",1,"sampled","mcdb","1944",FALSE,12,466,"21601803238608",1.92745404031546,2.02752648883366,0.815248024461677,0,0.159315892768564,199,93,27,19.5,NA,NA,NA,NA,NA,NA,NA,NA
"2",2,"sampled","mcdb","1944",FALSE,12,466,"21601803238608",1.05205941882943,2.29889223924505,0.883263644568881,0,0.147702029460608,199,58.5,93.5,90,NA,NA,NA,NA,NA,NA,NA,NA
"3",3,"sampled","mcdb","1944",FALSE,12,466,"21601803238608",0.829115964806951,2.33025176574696,0.889738252684706,0,0.162615653374167,199,42,97,95.5,NA,NA,NA,NA,NA,NA,NA,NA
"4",4,"sampled","mcdb","1944",FALSE,12,466,"21601803238608",1.63076536098182,1.73186157454644,0.763147230562361,2,0.206245821381586,199,84.5,2,4,NA,NA,NA,NA,NA,NA,NA,NA
"5",5,"sampled","mcdb","1944",FALSE,12,466,"21601803238608",1.6035157676751,2.08729665682887,0.836992760964468,1,0.131623784156836,199,83.5,43,34.5,NA,NA,NA,NA,NA,NA,NA,NA
"6",6,"sampled","mcdb","1944",FALSE,12,466,"21601803238608",1.67216626327976,1.81898821213589,0.770588885409567,0,0.198805184721893,199,86.5,5.5,5.5,NA,NA,NA,NA,NA,NA,NA,NA
"7",7,"sampled","mcdb","1944",FALSE,12,466,"21601803238608",1.28917921146796,2.10666163258189,0.849103870028919,2,0.132745271421485,199,69,46,43.5,NA,NA,NA,NA,NA,NA,NA,NA
"8",8,"sampled","mcdb","1944",FALSE,12,466,"21601803238608",1.83271133413675,2.02803888591711,0.822063401425703,0,0.166379105829577,199,91.5,27.5,23.5,NA,NA,NA,NA,NA,NA,NA,NA
"9",9,"sampled","mcdb","1944",FALSE,12,466,"21601803238608",2.28961946474665,1.79816126993423,0.733141151982906,0,0.234088899432786,199,98.5,5,1.5,NA,NA,NA,NA,NA,NA,NA,NA
"10",10,"sampled","mcdb","1944",FALSE,12,466,"21601803238608",1.30209203057358,1.94976311473857,0.812181104827866,1,0.151594884292708,199,70.5,16.5,18,NA,NA,NA,NA,NA,NA,NA,NA
"11",11,"sampled","mcdb","1944",FALSE,12,466,"21601803238608",0.947828354884152,2.26336912440973,0.877102175394647,0,0.142299480233787,199,51,88,83,NA,NA,NA,NA,NA,NA,NA,NA
"12",12,"sampled","mcdb","1944",FALSE,12,466,"21601803238608",0.99047475744645,2.13387718972097,0.851130063180386,0,0.147324605861928,199,54.5,53.5,45,NA,NA,NA,NA,NA,NA,NA,NA
"13",13,"sampled","mcdb","1944",FALSE,12,466,"21601803238608",1.36287715208692,2.17184797451825,0.855707417708928,0,0.125585006577954,199,75,64.5,51,NA,NA,NA,NA,NA,NA,NA,NA
"14",14,"sampled","mcdb","1944",FALSE,12,466,"21601803238608",0.678426030666598,2.17252990138952,0.865635764151117,0,0.120376560916169,199,34.5,65,64.5,NA,NA,NA,NA,NA,NA,NA,NA
"15",15,"sampled","mcdb","1944",FALSE,12,466,"21601803238608",0.93407782096138,2.22920324348733,0.871005176002505,0,0.120290292665042,199,49,78,73,NA,NA,NA,NA,NA,NA,NA,NA
"16",16,"sampled","mcdb","1944",FALSE,12,466,"21601803238608",1.08630146143172,1.91359453176274,0.808580006999576,1,0.173625638924235,199,63,12,16.5,NA,NA,NA,NA,NA,NA,NA,NA
"17",17,"sampled","mcdb","1944",FALSE,12,466,"21601803238608",0.480917710788734,2.25691107903199,0.880233564810551,0,0.135775443742317,199,21,86.5,87.5,NA,NA,NA,NA,NA,NA,NA,NA
"18",18,"sampled","mcdb","1944",FALSE,12,466,"21601803238608",0.711960961540451,2.19982668690643,0.86995523955129,0,0.126544740871741,199,37,71,72,NA,NA,NA,NA,NA,NA,NA,NA
"19",19,"sampled","mcdb","1944",FALSE,12,466,"21601803238608",1.16717344951284,1.8924480078337,0.801875149661994,0,0.176655811245067,199,65,9.5,13.5,NA,NA,NA,NA,NA,NA,NA,NA
"20",20,"sampled","mcdb","1944",FALSE,12,466,"21601803238608",0.798168313288468,2.18001115440314,0.866059422719151,0,0.128561261241831,199,41,67,65,NA,NA,NA,NA,NA,NA,NA,NA
"21",21,"sampled","mcdb","1944",FALSE,12,466,"21601803238608",-0.0617180021327184,2.32981953894042,0.89407614802262,0,0.176936183061229,199,1.5,96.5,97.5,NA,NA,NA,NA,NA,NA,NA,NA
"22",22,"sampled","mcdb","1944",FALSE,12,466,"21601803238608",2.45068587874658,1.90004032738553,0.752159737700087,0,0.241011926585718,199,100,11,3,NA,NA,NA,NA,NA,NA,NA,NA
"23",23,"sampled","mcdb","1944",FALSE,12,466,"21601803238608",0.546751547361821,2.06919020935313,0.851682661312605,0,0.133834408091962,199,24.5,36.5,45.5,NA,NA,NA,NA,NA,NA,NA,NA
"24",24,"sampled","mcdb","1944",FALSE,12,466,"21601803238608",1.53456194973553,1.89061026655364,0.794184825655289,1,0.167123169495546,199,82,9,10.5,NA,NA,NA,NA,NA,NA,NA,NA
"25",25,"sampled","mcdb","1944",FALSE,12,466,"21601803238608",2.2454383083851,1.92667210422962,0.77731216268489,1,0.199829620204024,199,97.5,13.5,7,NA,NA,NA,NA,NA,NA,NA,NA
"26",26,"sampled","mcdb","1944",FALSE,12,466,"21601803238608",1.41605743845497,2.29561753355941,0.87780213302879,0,0.162734272219466,199,78,93,84.5,NA,NA,NA,NA,NA,NA,NA,NA
"27",27,"sampled","mcdb","1944",FALSE,12,466,"21601803238608",0.615347365800605,2.12445304943844,0.857162592790436,0,0.125487954795436,199,29,50,53.5,NA,NA,NA,NA,NA,NA,NA,NA
"28",28,"sampled","mcdb","1944",FALSE,12,466,"21601803238608",0.98271683851984,2.36260453589869,0.894591906279357,0,0.173269782388337,199,53.5,99,98.5,NA,NA,NA,NA,NA,NA,NA,NA
"29",29,"sampled","mcdb","1944",FALSE,12,466,"21601803238608",2.11425920693586,1.95588098993744,0.782101346497449,0,0.198869885910238,199,95,17.5,8.5,NA,NA,NA,NA,NA,NA,NA,NA
"30",30,"sampled","mcdb","1944",FALSE,12,466,"21601803238608",0.468587644489698,2.08141160123954,0.855431118642819,1,0.136206784997951,199,19.5,41,50,NA,NA,NA,NA,NA,NA,NA,NA
"31",31,"sampled","mcdb","1944",FALSE,12,466,"21601803238608",0.0759750053691119,2.19888739122846,0.876264068227449,0,0.162216662712705,199,5,70.5,80.5,NA,NA,NA,NA,NA,NA,NA,NA
"32",32,"sampled","mcdb","1944",FALSE,12,466,"21601803238608",1.03418117814192,1.97473167120914,0.82889719832747,0,0.146267819785623,199,57,19.5,27.5,NA,NA,NA,NA,NA,NA,NA,NA
"33",33,"sampled","mcdb","1944",FALSE,12,466,"21601803238608",0.128533595835537,2.33084000485122,0.893302510637514,0,0.170034722971079,199,6,97.5,96,NA,NA,NA,NA,NA,NA,NA,NA
"34",34,"sampled","mcdb","1944",FALSE,12,466,"21601803238608",2.26437768293396,2.05969121615185,0.812116635045774,1,0.196087734811396,199,98,34,17.5,NA,NA,NA,NA,NA,NA,NA,NA
"35",35,"sampled","mcdb","1944",FALSE,12,466,"21601803238608",1.78658376728161,1.81966467111592,0.769925767650905,0,0.185077749261328,199,90.5,6,5,NA,NA,NA,NA,NA,NA,NA,NA
"36",36,"sampled","mcdb","1944",FALSE,12,466,"21601803238608",0.952486350069629,2.00787729907702,0.826603916078764,0,0.174499104966895,199,51.5,23,26.5,NA,NA,NA,NA,NA,NA,NA,NA
"37",37,"sampled","mcdb","1944",FALSE,12,466,"21601803238608",1.56086103436355,2.02748381436309,0.824154064359262,1,0.13581857786788,199,82.5,26.5,25.5,NA,NA,NA,NA,NA,NA,NA,NA
"38",38,"sampled","mcdb","1944",FALSE,12,466,"21601803238608",0.893856949298421,2.02708346374591,0.833235093665383,0,0.16792115081847,199,45.5,26,31,NA,NA,NA,NA,NA,NA,NA,NA
"39",39,"sampled","mcdb","1944",FALSE,12,466,"21601803238608",0.619517199904811,2.16278514228938,0.866510711193796,0,0.132238445446115,199,29.5,59,66.5,NA,NA,NA,NA,NA,NA,NA,NA
"40",40,"sampled","mcdb","1944",FALSE,12,466,"21601803238608",1.16710993143811,2.11197546809367,0.840824108014515,0,0.166055599887851,199,64.5,47.5,38,NA,NA,NA,NA,NA,NA,NA,NA
"41",41,"sampled","mcdb","1944",FALSE,12,466,"21601803238608",1.37108469209126,1.92408666112225,0.801856729724253,1,0.17068173485453,199,76,13,13,NA,NA,NA,NA,NA,NA,NA,NA
"42",42,"sampled","mcdb","1944",FALSE,12,466,"21601803238608",0.264715697073749,2.27528094890356,0.884230691300263,0,0.167489809562836,199,10.5,91,92,NA,NA,NA,NA,NA,NA,NA,NA
"43",43,"sampled","mcdb","1944",FALSE,12,466,"21601803238608",1.32897833371726,1.93567616027004,0.808266868057986,0,0.161688269674553,199,71.5,14.5,15.5,NA,NA,NA,NA,NA,NA,NA,NA
"44",44,"sampled","mcdb","1944",FALSE,12,466,"21601803238608",-0.0351785226624051,2.32026563872278,0.893836688831992,1,0.18059180020273,199,2,95.5,96.5,NA,NA,NA,NA,NA,NA,NA,NA
"45",45,"sampled","mcdb","1944",FALSE,12,466,"21601803238608",0.915766283391543,2.23844680386391,0.870959126158154,0,0.132410981948368,199,47.5,80.5,72.5,NA,NA,NA,NA,NA,NA,NA,NA
"46",46,"sampled","mcdb","1944",FALSE,12,466,"21601803238608",2.1637457974853,2.08349221090319,0.815432223839083,0,0.18498069747881,199,96.5,41.5,20,NA,NA,NA,NA,NA,NA,NA,NA
"47",47,"sampled","mcdb","1944",FALSE,12,466,"21601803238608",1.32208481509579,1.78357036115497,0.771786181362707,1,0.225343455474799,199,71,4,6.5,NA,NA,NA,NA,NA,NA,NA,NA
"48",48,"sampled","mcdb","1944",FALSE,12,466,"21601803238608",-0.00779868955512636,2.19330928680376,0.876429847667115,0,0.164847844372075,199,3.5,68.5,81.5,NA,NA,NA,NA,NA,NA,NA,NA
"49",49,"sampled","mcdb","1944",FALSE,12,466,"21601803238608",1.58722828558131,2.27294146294552,0.873501077566358,0,0.145987447969461,199,83,89.5,77.5,NA,NA,NA,NA,NA,NA,NA,NA
"50",50,"sampled","mcdb","1944",FALSE,12,466,"21601803238608",1.41650991384734,2.13840298903008,0.848026303671094,0,0.11964328078159,199,78.5,55,43,NA,NA,NA,NA,NA,NA,NA,NA
"51",51,"sampled","mcdb","1944",FALSE,12,466,"21601803238608",0.922145292662993,2.04368602708431,0.835325756598943,0,0.15186447257748,199,48,30.5,31.5,NA,NA,NA,NA,NA,NA,NA,NA
"52",52,"sampled","mcdb","1944",FALSE,12,466,"21601803238608",1.12430791321235,2.0973685132363,0.846782957873602,0,0.118101235792697,199,63.5,44.5,41,NA,NA,NA,NA,NA,NA,NA,NA
"53",53,"sampled","mcdb","1944",FALSE,12,466,"21601803238608",0.526829894915082,2.16513178317122,0.864659507450865,0,0.131580650031272,199,22.5,60.5,63.5,NA,NA,NA,NA,NA,NA,NA,NA
"54",54,"sampled","mcdb","1944",FALSE,12,466,"21601803238608",0.400032562691264,2.08011586791536,0.853561494962147,0,0.16290680872172,199,16,40,49.5,NA,NA,NA,NA,NA,NA,NA,NA
"55",55,"sampled","mcdb","1944",FALSE,12,466,"21601803238608",1.64391815665913,1.92228881375021,0.801598850595885,0,0.178348825673432,199,85.5,12.5,12.5,NA,NA,NA,NA,NA,NA,NA,NA
"56",56,"sampled","mcdb","1944",FALSE,12,466,"21601803238608",0.941222964713557,2.08067518039669,0.847952623920131,0,0.119060970086484,199,50,40.5,42.5,NA,NA,NA,NA,NA,NA,NA,NA
"57",57,"sampled","mcdb","1944",FALSE,12,466,"21601803238608",0.743770086961008,2.06198185624895,0.850245906168837,2,0.138385058338905,199,39,36,44,NA,NA,NA,NA,NA,NA,NA,NA
"58",58,"sampled","mcdb","1944",FALSE,12,466,"21601803238608",1.08123205723455,2.03972149967306,0.836771721711581,0,0.125919296051071,199,62,28.5,33.5,NA,NA,NA,NA,NA,NA,NA,NA
"59",59,"sampled","mcdb","1944",FALSE,12,466,"21601803238608",0.46890540203129,2.35802993894439,0.895476063290906,0,0.174089330774042,199,20.5,98.5,99,NA,NA,NA,NA,NA,NA,NA,NA
"60",60,"sampled","mcdb","1944",FALSE,12,466,"21601803238608",1.7236719838329,2.01077155294044,0.810127281769788,0,0.168805400392521,199,88,23.5,17,NA,NA,NA,NA,NA,NA,NA,NA
"61",61,"sampled","mcdb","1944",FALSE,12,466,"21601803238608",1.6188543775289,1.83537051420739,0.765799701597009,0,0.234164384152522,199,84,7,4.5,NA,NA,NA,NA,NA,NA,NA,NA
"62",62,"sampled","mcdb","1944",FALSE,12,466,"21601803238608",1.0094721966722,1.86303857623974,0.795474221297132,1,0.236730864623547,199,56,8,11,NA,NA,NA,NA,NA,NA,NA,NA
"63",63,"sampled","mcdb","1944",FALSE,12,466,"21601803238608",1.70987049371174,2.0418177515684,0.829173497393579,2,0.153967261198697,199,87,29.5,28,NA,NA,NA,NA,NA,NA,NA,NA
"64",64,"sampled","mcdb","1944",FALSE,12,466,"21601803238608",1.4296868288,1.86327066433665,0.782911823758036,1,0.218787068389156,199,79,8.5,9.5,NA,NA,NA,NA,NA,NA,NA,NA
"65",65,"sampled","mcdb","1944",FALSE,12,466,"21601803238608",1.29889828780824,2.15815264413246,0.852714177826079,0,0.128927901309121,199,70,57.5,48.5,NA,NA,NA,NA,NA,NA,NA,NA
"66",66,"sampled","mcdb","1944",FALSE,12,466,"21601803238608",1.35374245689272,2.02503529891885,0.822072611394574,0,0.160534431815731,199,74,25,24,NA,NA,NA,NA,NA,NA,NA,NA
"67",67,"sampled","mcdb","1944",FALSE,12,466,"21601803238608",2.14253841723396,2.06992544435074,0.816086131628875,0,0.1693014428365,199,96,37,21,NA,NA,NA,NA,NA,NA,NA,NA
"68",68,"sampled","mcdb","1944",FALSE,12,466,"21601803238608",1.34350405517117,2.04515430718587,0.836348063143547,2,0.127342722194664,199,73,31,33,NA,NA,NA,NA,NA,NA,NA,NA
"69",69,"sampled","mcdb","1944",FALSE,12,466,"21601803238608",0.306038419340421,2.18962931291148,0.872570870710457,1,0.142472016736041,199,12.5,68,76,NA,NA,NA,NA,NA,NA,NA,NA
"70",70,"sampled","mcdb","1944",FALSE,12,466,"21601803238608",0.746013377476386,2.21732778876625,0.871981432702758,0,0.127547609291091,199,39.5,75.5,75.5,NA,NA,NA,NA,NA,NA,NA,NA
"71",71,"sampled","mcdb","1944",FALSE,12,466,"21601803238608",1.12473731976304,2.12784084724526,0.852189209600472,0,0.129035736623029,199,64,52,47,NA,NA,NA,NA,NA,NA,NA,NA
"72",72,"sampled","mcdb","1944",FALSE,12,466,"21601803238608",0.418823311712535,2.11186094203004,0.857153382821566,0,0.155433821467854,199,17,47,53,NA,NA,NA,NA,NA,NA,NA,NA
"73",73,"sampled","mcdb","1944",FALSE,12,466,"21601803238608",0.686485639907218,2.06007500877194,0.847068466908582,0,0.137802747643798,199,35.5,35,42,NA,NA,NA,NA,NA,NA,NA,NA
"74",74,"sampled","mcdb","1944",FALSE,12,466,"21601803238608",0.895923342202612,1.90412483797075,0.816067711691134,1,0.172698255224621,199,46.5,11.5,20.5,NA,NA,NA,NA,NA,NA,NA,NA
"75",75,"sampled","mcdb","1944",FALSE,12,466,"21601803238608",0.77568156671838,2.12683361670448,0.857042863195122,1,0.145189466646537,199,40,51.5,52.5,NA,NA,NA,NA,NA,NA,NA,NA
"76",76,"sampled","mcdb","1944",FALSE,12,466,"21601803238608",0.672932800173155,2.00213729561323,0.835758625135847,0,0.161515733172299,199,34,22,32,NA,NA,NA,NA,NA,NA,NA,NA
"77",77,"sampled","mcdb","1944",FALSE,12,466,"21601803238608",0.954708621332867,2.20823388726188,0.868177715559321,0,0.122004874156189,199,52,73,69.5,NA,NA,NA,NA,NA,NA,NA,NA
"78",78,"sampled","mcdb","1944",FALSE,12,466,"21601803238608",1.1769965350562,1.93662906101663,0.813903369006613,1,0.151152759505683,199,66,15,18.5,NA,NA,NA,NA,NA,NA,NA,NA
"79",79,"sampled","mcdb","1944",FALSE,12,466,"21601803238608",0.464620353310455,2.17436796229825,0.866833060104257,0,0.127493691634136,199,19,66,68,NA,NA,NA,NA,NA,NA,NA,NA
"80",80,"sampled","mcdb","1944",FALSE,12,466,"21601803238608",0.843860084358033,2.22976223573954,0.871723553574389,0,0.126081049021934,199,43.5,79,75,NA,NA,NA,NA,NA,NA,NA,NA
"81",81,"sampled","mcdb","1944",FALSE,12,466,"21601803238608",0.553428945975122,2.13686659176109,0.859833483762825,0,0.132540384325059,199,25,54.5,57.5,NA,NA,NA,NA,NA,NA,NA,NA
"82",82,"sampled","mcdb","1944",FALSE,12,466,"21601803238608",1.06256469475574,1.89439345458038,0.802575107296137,0,0.199161041257791,199,60,10,14,NA,NA,NA,NA,NA,NA,NA,NA
"83",83,"sampled","mcdb","1944",FALSE,12,466,"21601803238608",0.947498382972953,2.07250751933856,0.844434415811675,0,0.127267237474928,199,50.5,38,39,NA,NA,NA,NA,NA,NA,NA,NA
"84",84,"sampled","mcdb","1944",FALSE,12,466,"21601803238608",1.17921989852902,2.12973208535003,0.846921107406657,0,0.129995470916816,199,66.5,53,41.5,NA,NA,NA,NA,NA,NA,NA,NA
"85",85,"sampled","mcdb","1944",FALSE,12,466,"21601803238608",1.76235071030816,2.09308613336781,0.832323306747223,0,0.136918498069748,199,90,44,30,NA,NA,NA,NA,NA,NA,NA,NA
"86",86,"sampled","mcdb","1944",FALSE,12,466,"21601803238608",0.602296611813198,2.25263576224363,0.877350844554145,0,0.138891884314275,199,27.5,86,83.5,NA,NA,NA,NA,NA,NA,NA,NA
"87",87,"sampled","mcdb","1944",FALSE,12,466,"21601803238608",0.718075576173727,2.14878785014561,0.858461198401149,0,0.140563331679859,199,37.5,57,54.5,NA,NA,NA,NA,NA,NA,NA,NA
"88",88,"sampled","mcdb","1944",FALSE,12,466,"21601803238608",1.33888346308305,2.17046238972426,0.855587688113614,0,0.125649707766299,199,72.5,63,50.5,NA,NA,NA,NA,NA,NA,NA,NA
"89",89,"sampled","mcdb","1944",FALSE,12,466,"21601803238608",0.631896721182709,1.99496228950449,0.839313673119785,0,0.148241206030151,199,30,21.5,37.5,NA,NA,NA,NA,NA,NA,NA,NA
"90",90,"sampled","mcdb","1944",FALSE,12,466,"21601803238608",0.869387081877059,2.19868616524559,0.865534454493544,0,0.127989734078116,199,45,70,64,NA,NA,NA,NA,NA,NA,NA,NA
"91",91,"sampled","mcdb","1944",FALSE,12,466,"21601803238608",1.22232119550173,1.98978149205639,0.822689679308884,1,0.148144154247633,199,68.5,20.5,25,NA,NA,NA,NA,NA,NA,NA,NA
"92",92,"sampled","mcdb","1944",FALSE,12,466,"21601803238608",0.424470474709579,2.06196009148735,0.852345779071267,2,0.149276425043673,199,17.5,35.5,47.5,NA,NA,NA,NA,NA,NA,NA,NA
"93",93,"sampled","mcdb","1944",FALSE,12,466,"21601803238608",0.68235936188857,2.17077517196846,0.864079279412036,0,0.118856082990058,199,35,63.5,62,NA,NA,NA,NA,NA,NA,NA,NA
"94",94,"sampled","mcdb","1944",FALSE,12,466,"21601803238608",0.635038835456769,2.12498381916909,0.858230949179392,0,0.137306705199819,199,30.5,50.5,54,NA,NA,NA,NA,NA,NA,NA,NA
"95",95,"sampled","mcdb","1944",FALSE,12,466,"21601803238608",1.08353564919296,1.95348813155578,0.817080808266868,0,0.156447473418595,199,62.5,17,22,NA,NA,NA,NA,NA,NA,NA,NA
"96",96,"sampled","mcdb","1944",FALSE,12,466,"21601803238608",1.3854107953466,2.08659562611058,0.837895337913758,0,0.124075312183234,199,76.5,42.5,35,NA,NA,NA,NA,NA,NA,NA,NA
"97",97,"sampled","mcdb","1944",FALSE,12,466,"21601803238608",0.408055594187736,2.24074078067996,0.877857392842012,0,0.13455690469515,199,16.5,82,85,NA,NA,NA,NA,NA,NA,NA,NA
"98",98,"sampled","mcdb","1944",FALSE,12,466,"21601803238608",2.3106023375416,2.05998963071902,0.805227578330785,0,0.19851402937434,199,99,34.5,15,NA,NA,NA,NA,NA,NA,NA,NA
"99",99,"sampled","mcdb","1944",FALSE,12,466,"21601803238608",0.370310150232029,2.23354093262718,0.881624270109967,2,0.15776306424828,199,14.5,79.5,88,NA,NA,NA,NA,NA,NA,NA,NA
"100",100,"sampled","mcdb","1944",FALSE,12,466,"21601803238608",0.433143430502754,2.21877889702219,0.874698373519498,0,0.137220436948692,199,18,76,79,NA,NA,NA,NA,NA,NA,NA,NA
"101",101,"sampled","mcdb","1944",FALSE,12,466,"21601803238608",1.05378865106094,2.14134112499639,0.858626977840815,1,0.139614380917463,199,59,56,55,NA,NA,NA,NA,NA,NA,NA,NA
"102",102,"sampled","mcdb","1944",FALSE,12,466,"21601803238608",0.468715437754067,2.13583040542041,0.862651734237138,1,0.13493432829383,199,20,54,61,NA,NA,NA,NA,NA,NA,NA,NA
"103",103,"sampled","mcdb","1944",FALSE,12,466,"21601803238608",1.50582656535712,2.01939883010634,0.824255374016836,1,0.132249228977506,199,81.5,24,26,NA,NA,NA,NA,NA,NA,NA,NA
"104",104,"sampled","mcdb","1944",FALSE,12,466,"21601803238608",1.06311684605198,2.1695488336953,0.860818950431948,0,0.120915737485712,199,60.5,62.5,59,NA,NA,NA,NA,NA,NA,NA,NA
"105",105,"sampled","mcdb","1944",FALSE,12,466,"21601803238608",1.35492983995453,2.0836845814265,0.839267623275433,0,0.123784156835681,199,74.5,42,37,NA,NA,NA,NA,NA,NA,NA,NA
"106",106,"sampled","mcdb","1944",FALSE,12,466,"21601803238608",0.582512348365522,1.97201134910627,0.83827294663744,2,0.152921258653784,199,26.5,19,35.5,NA,NA,NA,NA,NA,NA,NA,NA
"107",107,"sampled","mcdb","1944",FALSE,12,466,"21601803238608",0.161156263803146,2.23790191497401,0.879054688795152,0,0.157374857118209,199,7,80,86,NA,NA,NA,NA,NA,NA,NA,NA
"108",108,"sampled","mcdb","1944",FALSE,12,466,"21601803238608",0.992716775860326,1.93762891995282,0.816601889885612,0,0.162809756939202,199,55.5,15.5,21.5,NA,NA,NA,NA,NA,NA,NA,NA
"109",109,"sampled","mcdb","1944",FALSE,12,466,"21601803238608",0.830668151609636,2.24970283989519,0.87747978411833,0,0.136864580412794,199,42.5,85,84,NA,NA,NA,NA,NA,NA,NA,NA
"110",110,"sampled","mcdb","1944",FALSE,12,466,"21601803238608",0.135291816474339,2.2224884220647,0.879091528670633,1,0.14835982487545,199,6.5,76.5,86.5,NA,NA,NA,NA,NA,NA,NA,NA
"111",111,"sampled","mcdb","1944",FALSE,12,466,"21601803238608",1.45224342783445,2.05406769151052,0.821298974009468,0,0.194987814609528,199,79.5,32.5,23,NA,NA,NA,NA,NA,NA,NA,NA
"112",112,"sampled","mcdb","1944",FALSE,12,466,"21601803238608",-0.168457804670863,2.32136415703937,0.893873528707473,0,0.180753553173593,199,1,96,97,NA,NA,NA,NA,NA,NA,NA,NA
"113",113,"sampled","mcdb","1944",FALSE,12,466,"21601803238608",0.894672983039564,2.11382435668749,0.851756341063567,0,0.1294239437531,199,46,48.5,46,NA,NA,NA,NA,NA,NA,NA,NA
"114",114,"sampled","mcdb","1944",FALSE,12,466,"21601803238608",0.698402678827066,2.07754542330039,0.850715614581223,0,0.128938684840512,199,36.5,39.5,44.5,NA,NA,NA,NA,NA,NA,NA,NA
"115",115,"sampled","mcdb","1944",FALSE,12,466,"21601803238608",1.20897677058211,2.20049886829268,0.862532004641824,0,0.121152975176311,199,68,71.5,60.5,NA,NA,NA,NA,NA,NA,NA,NA
"116",116,"sampled","mcdb","1944",FALSE,12,466,"21601803238608",1.73325856045832,2.07613504929455,0.830674722319439,0,0.141059374123838,199,89,39,29.5,NA,NA,NA,NA,NA,NA,NA,NA
"117",117,"sampled","mcdb","1944",FALSE,12,466,"21601803238608",2.12779253424326,2.04680849400286,0.808294497964597,0,0.188452994586667,199,95.5,31.5,16,NA,NA,NA,NA,NA,NA,NA,NA
"118",118,"sampled","mcdb","1944",FALSE,12,466,"21601803238608",1.17228300836249,2.17782429349398,0.860201882517637,0,0.124301766342442,199,65.5,66.5,58,NA,NA,NA,NA,NA,NA,NA,NA
"119",119,"sampled","mcdb","1944",FALSE,12,466,"21601803238608",0.660152876446112,2.35577460118726,0.894186667649063,0,0.164804710246512,199,31.5,98,98,NA,NA,NA,NA,NA,NA,NA,NA
"120",120,"sampled","mcdb","1944",FALSE,12,466,"21601803238608",0.204103318276529,2.17094652260716,0.87115253550443,1,0.146742295166821,199,9.5,64,74,NA,NA,NA,NA,NA,NA,NA,NA
"121",121,"sampled","mcdb","1944",FALSE,12,466,"21601803238608",0.604738003569421,2.12330675053166,0.859105896222071,0,0.128399508270969,199,28,49.5,57,NA,NA,NA,NA,NA,NA,NA,NA
"122",122,"sampled","mcdb","1944",FALSE,12,466,"21601803238608",1.3374102386978,2.19698298498802,0.858700657591777,0,0.140272176332305,199,72,69.5,56,NA,NA,NA,NA,NA,NA,NA,NA
"123",123,"sampled","mcdb","1944",FALSE,12,466,"21601803238608",0.780348646643947,2.3119435748601,0.887776529315331,0,0.157159186490392,199,40.5,94,94,NA,NA,NA,NA,NA,NA,NA,NA
"124",124,"sampled","mcdb","1944",FALSE,12,466,"21601803238608",1.01100512263235,2.2136407163334,0.866731750446683,0,0.123999827463498,199,56.5,74,67,NA,NA,NA,NA,NA,NA,NA,NA
"125",125,"sampled","mcdb","1944",FALSE,12,466,"21601803238608",0.578898595978563,2.16472560191722,0.866169942345595,0,0.142170077857097,199,25.5,60,65.5,NA,NA,NA,NA,NA,NA,NA,NA
"126",126,"sampled","mcdb","1944",FALSE,12,466,"21601803238608",1.39213760832915,2.2414436102723,0.869743410267273,0,0.140714301119331,199,77,82.5,71.5,NA,NA,NA,NA,NA,NA,NA,NA
"127",127,"sampled","mcdb","1944",FALSE,12,466,"21601803238608",0.06700552867519,2.13992160450161,0.868232975372543,0,0.168384842668277,199,4.5,55.5,70,NA,NA,NA,NA,NA,NA,NA,NA
"128",128,"sampled","mcdb","1944",FALSE,12,466,"21601803238608",0.200593942160731,2.20898933174635,0.876457477573726,1,0.142310263765178,199,9,73.5,82,NA,NA,NA,NA,NA,NA,NA,NA
"129",129,"sampled","mcdb","1944",FALSE,12,466,"21601803238608",0.854817397697967,2.15899186007363,0.858673027685166,0,0.127849548170035,199,44,58,55.5,NA,NA,NA,NA,NA,NA,NA,NA
"130",130,"sampled","mcdb","1944",FALSE,12,466,"21601803238608",1.75280825941252,1.96535890994591,0.798108272394039,0,0.180246727198223,199,89.5,18,11.5,NA,NA,NA,NA,NA,NA,NA,NA
"131",131,"sampled","mcdb","1944",FALSE,12,466,"21601803238608",1.07598053525608,2.05214868205578,0.836919081213505,0,0.126458472620614,199,61,32,34,NA,NA,NA,NA,NA,NA,NA,NA
"132",132,"sampled","mcdb","1944",FALSE,12,466,"21601803238608",0.727164978620908,2.18151891824392,0.866888319917479,0,0.123708672115945,199,38,67.5,68.5,NA,NA,NA,NA,NA,NA,NA,NA
"133",133,"sampled","mcdb","1944",FALSE,12,466,"21601803238608",1.29112131157944,2.11025670303758,0.845558032013852,0,0.118435525265814,199,69.5,46.5,40,NA,NA,NA,NA,NA,NA,NA,NA
"134",134,"sampled","mcdb","1944",FALSE,12,466,"21601803238608",0.651294714018474,2.21645750953291,0.871088065722338,0,0.127029999784329,199,31,75,73.5,NA,NA,NA,NA,NA,NA,NA,NA
"135",135,"sampled","mcdb","1944",FALSE,12,466,"21601803238608",0.162019759546451,2.27348027125607,0.884221481331393,0,0.151939957297216,199,7.5,90,91.5,NA,NA,NA,NA,NA,NA,NA,NA
"136",136,"sampled","mcdb","1944",FALSE,12,466,"21601803238608",0.510373427223315,2.17371553725155,0.866777800291035,0,0.134470636444023,199,22,65.5,67.5,NA,NA,NA,NA,NA,NA,NA,NA
"137",137,"sampled","mcdb","1944",FALSE,12,466,"21601803238608",0.267738496910897,2.16425999068466,0.869181602166185,0,0.139991804516143,199,11,59.5,71,NA,NA,NA,NA,NA,NA,NA,NA
"138",138,"sampled","mcdb","1944",FALSE,12,466,"21601803238608",0.670409732981191,2.28644376353553,0.882517637090387,0,0.13958203032329,199,33.5,91.5,89.5,NA,NA,NA,NA,NA,NA,NA,NA
"139",139,"sampled","mcdb","1944",FALSE,12,466,"21601803238608",0.237032375234583,2.12951980124128,0.864180589069609,1,0.157191537084564,199,10,52.5,63,NA,NA,NA,NA,NA,NA,NA,NA
"140",140,"sampled","mcdb","1944",FALSE,12,466,"21601803238608",-0.205954727458868,2.26973884420585,0.887721269502109,0,0.17620290292665,199,0.5,89,93.5,NA,NA,NA,NA,NA,NA,NA,NA
"141",141,"sampled","mcdb","1944",FALSE,12,466,"21601803238608",0.0909618458246911,2.26579349736207,0.885741126194993,0,0.168697565078612,199,5.5,88.5,92.5,NA,NA,NA,NA,NA,NA,NA,NA
"142",142,"sampled","mcdb","1944",FALSE,12,466,"21601803238608",0.95958409901098,2.2632932379272,0.87628248816519,0,0.141242694157483,199,52.5,87.5,81,NA,NA,NA,NA,NA,NA,NA,NA
"143",143,"sampled","mcdb","1944",FALSE,12,466,"21601803238608",2.39124773251835,2.00341831979241,0.786908950247748,0,0.217590096404771,199,99.5,22.5,10,NA,NA,NA,NA,NA,NA,NA,NA
"144",144,"sampled","mcdb","1944",FALSE,12,466,"21601803238608",0.503942797665407,2.16608679266075,0.866400191567352,0,0.129822934414562,199,21.5,61,66,NA,NA,NA,NA,NA,NA,NA,NA
"145",145,"sampled","mcdb","1944",FALSE,12,466,"21601803238608",1.40130767037969,1.69282803338802,0.759260623699092,1,0.219401729678435,199,77.5,1.5,3.5,NA,NA,NA,NA,NA,NA,NA,NA
"146",146,"sampled","mcdb","1944",FALSE,12,466,"21601803238608",1.71643261919562,1.58952655395481,0.717134226086316,0,0.268833437574137,199,87.5,0.5,1,NA,NA,NA,NA,NA,NA,NA,NA
"147",147,"sampled","mcdb","1944",FALSE,12,466,"21601803238608",0.836116823208242,2.04216773884086,0.838429516108236,1,0.155983781568788,199,43,30,36,NA,NA,NA,NA,NA,NA,NA,NA
"148",148,"sampled","mcdb","1944",FALSE,12,466,"21601803238608",0.741940080889296,2.0205883921153,0.83885317467627,0,0.142881790928893,199,38.5,24.5,36.5,NA,NA,NA,NA,NA,NA,NA,NA
"149",149,"sampled","mcdb","1944",FALSE,12,466,"21601803238608",0.445218528939683,2.14575221141835,0.868057985964007,1,0.14033687752065,199,18.5,56.5,69,NA,NA,NA,NA,NA,NA,NA,NA
"150",150,"sampled","mcdb","1944",FALSE,12,466,"21601803238608",0.368844536918346,2.24719934175849,0.878235001565695,0,0.138104686522742,199,14,84,85.5,NA,NA,NA,NA,NA,NA,NA,NA
"151",151,"sampled","mcdb","1944",FALSE,12,466,"21601803238608",0.588964541814899,1.89751392909411,0.822155501114406,1,0.194308452131904,199,27,10.5,24.5,NA,NA,NA,NA,NA,NA,NA,NA
"152",152,"sampled","mcdb","1944",FALSE,12,466,"21601803238608",1.19616405059847,2.25884333585292,0.874965462616736,0,0.142396532016305,199,67.5,87,79.5,NA,NA,NA,NA,NA,NA,NA,NA
"153",153,"sampled","mcdb","1944",FALSE,12,466,"21601803238608",1.79502680968574,1.7580708561178,0.747038995008197,0,0.226939418120646,199,91,2.5,2.5,NA,NA,NA,NA,NA,NA,NA,NA
"154",154,"sampled","mcdb","1944",FALSE,12,466,"21601803238608",0.664781152182211,2.16224195820107,0.864097699349776,0,0.119341341902646,199,32.5,58.5,62.5,NA,NA,NA,NA,NA,NA,NA,NA
"155",155,"sampled","mcdb","1944",FALSE,12,466,"21601803238608",0.907866267809102,2.04025198132323,0.841017517360791,0,0.123784156835681,199,47,29,38.5,NA,NA,NA,NA,NA,NA,NA,NA
"156",156,"sampled","mcdb","1944",FALSE,12,466,"21601803238608",0.188820187068985,2.22777242148033,0.879469137394316,0,0.145933530312507,199,8.5,77.5,87,NA,NA,NA,NA,NA,NA,NA,NA
"157",157,"sampled","mcdb","1944",FALSE,12,466,"21601803238608",1.84266365479282,2.03076604768488,0.817725506087789,0,0.146580542195958,199,92,28,22.5,NA,NA,NA,NA,NA,NA,NA,NA
"158",158,"sampled","mcdb","1944",FALSE,12,466,"21601803238608",0.325423326980912,2.27505139459878,0.883678093168045,0,0.147195203485237,199,13,90.5,90.5,NA,NA,NA,NA,NA,NA,NA,NA
"159",159,"sampled","mcdb","1944",FALSE,12,466,"21601803238608",0.174782067957935,2.16895796371587,0.874090515574057,2,0.156415122824423,199,8,62,78.5,NA,NA,NA,NA,NA,NA,NA,NA
"160",160,"sampled","mcdb","1944",FALSE,12,466,"21601803238608",1.34815853030778,1.76243494313889,0.771417782607895,3,0.222636789095693,199,73.5,3,6,NA,NA,NA,NA,NA,NA,NA,NA
"161",161,"sampled","mcdb","1944",FALSE,12,466,"21601803238608",1.65873377751139,2.0567064499937,0.830398423253329,0,0.138967369034011,199,86,33,29,NA,NA,NA,NA,NA,NA,NA,NA
"162",162,"sampled","mcdb","1944",FALSE,12,466,"21601803238608",0.992078527092249,1.9935259807891,0.83584151485568,2,0.134880410636875,199,55,21,32.5,NA,NA,NA,NA,NA,NA,NA,NA
"163",163,"sampled","mcdb","1944",FALSE,12,466,"21601803238608",-0.0219541196375322,2.24826511556454,0.881753209674151,0,0.173906010740397,199,2.5,84.5,88.5,NA,NA,NA,NA,NA,NA,NA,NA
"164",164,"sampled","mcdb","1944",FALSE,12,466,"21601803238608",0.294540945502533,2.02569501843062,0.853128626425243,3,0.169150473397028,199,11.5,25.5,49,NA,NA,NA,NA,NA,NA,NA,NA
"165",165,"sampled","mcdb","1944",FALSE,12,466,"21601803238608",0.392344777181982,2.12610603861507,0.863563521155299,1,0.140067289235879,199,15.5,51,61.5,NA,NA,NA,NA,NA,NA,NA,NA
"166",166,"sampled","mcdb","1944",FALSE,12,466,"21601803238608",0.961091482010581,2.10363769850068,0.844581775313599,0,0.174671641469148,199,53,45.5,39.5,NA,NA,NA,NA,NA,NA,NA,NA
"167",167,"sampled","mcdb","1944",FALSE,12,466,"21601803238608",0.543059314590869,2.12088675199894,0.856342905560979,0,0.152392865615632,199,23.5,49,52,NA,NA,NA,NA,NA,NA,NA,NA
"168",168,"sampled","mcdb","1944",FALSE,12,466,"21601803238608",1.36308049522942,2.31512772077388,0.884157011549301,0,0.159865852869498,199,75.5,94.5,91,NA,NA,NA,NA,NA,NA,NA,NA
"169",169,"sampled","mcdb","1944",FALSE,12,466,"21601803238608",1.95035862581661,1.76365562766429,0.740223618044171,0,0.228923587896564,199,94,3.5,2,NA,NA,NA,NA,NA,NA,NA,NA
"170",170,"sampled","mcdb","1944",FALSE,12,466,"21601803238608",0.329401384544192,2.29336339221458,0.886606863268802,0,0.15688959820562,199,13.5,92.5,93,NA,NA,NA,NA,NA,NA,NA,NA
"171",171,"sampled","mcdb","1944",FALSE,12,466,"21601803238608",1.05676664039923,1.93143071158885,0.81503619517766,0,0.161742187331507,199,59.5,14,19,NA,NA,NA,NA,NA,NA,NA,NA
"172",172,"sampled","mcdb","1944",FALSE,12,466,"21601803238608",0.609761788423789,2.2387207771149,0.875895669472637,0,0.128895550714948,199,28.5,81,80,NA,NA,NA,NA,NA,NA,NA,NA
"173",173,"sampled","mcdb","1944",FALSE,12,466,"21601803238608",0.926919353000211,2.16779212780862,0.861003149809354,0,0.119298207777083,199,48.5,61.5,59.5,NA,NA,NA,NA,NA,NA,NA,NA
"174",174,"sampled","mcdb","1944",FALSE,12,466,"21601803238608",0.00817185629919246,2.28704487218025,0.888513326824955,0,0.16403907951776,199,4,92,95,NA,NA,NA,NA,NA,NA,NA,NA
"175",175,"sampled","mcdb","1944",FALSE,12,466,"21601803238608",2.22426320259913,1.94742600788927,0.781410598832176,0,0.19387711087627,199,97,16,8,NA,NA,NA,NA,NA,NA,NA,NA
"176",176,"sampled","mcdb","1944",FALSE,12,466,"21601803238608",0.691330708680857,2.40514176019436,0.902816408480539,0,0.203668557379171,199,36,100,100,NA,NA,NA,NA,NA,NA,NA,NA
"177",177,"sampled","mcdb","1944",FALSE,12,466,"21601803238608",1.19149900045246,2.11348428278489,0.846736908029251,0,0.124129229840188,199,67,48,40.5,NA,NA,NA,NA,NA,NA,NA,NA
"178",178,"sampled","mcdb","1944",FALSE,12,466,"21601803238608",1.87858296776913,1.97767717986894,0.803385584556724,1,0.163348933508745,199,92.5,20,14.5,NA,NA,NA,NA,NA,NA,NA,NA
"179",179,"sampled","mcdb","1944",FALSE,12,466,"21601803238608",2.06021896913064,2.22934235489349,0.858995376595627,0,0.173366834170854,199,94.5,78.5,56.5,NA,NA,NA,NA,NA,NA,NA,NA
"180",180,"sampled","mcdb","1944",FALSE,12,466,"21601803238608",1.64133444558439,2.05697336848251,0.829440586490818,0,0.134869627105485,199,85,33.5,28.5,NA,NA,NA,NA,NA,NA,NA,NA
"181",181,"sampled","mcdb","1944",FALSE,12,466,"21601803238608",1.72557258988559,2.08999022450435,0.832461456280278,0,0.13419026462786,199,88.5,43.5,30.5,NA,NA,NA,NA,NA,NA,NA,NA
"182",182,"sampled","mcdb","1944",FALSE,12,466,"21601803238608",1.46514227946598,1.83127972573876,0.778260789478532,0,0.198276791683741,199,80,6.5,7.5,NA,NA,NA,NA,NA,NA,NA,NA
"183",183,"sampled","mcdb","1944",FALSE,12,466,"21601803238608",0.936397188452116,1.96899673684422,0.826963104864706,1,0.143625854594863,199,49.5,18.5,27,NA,NA,NA,NA,NA,NA,NA,NA
"184",184,"sampled","mcdb","1944",FALSE,12,466,"21601803238608",0.670345591574547,2.09829522592875,0.85243787875997,0,0.132454116073932,199,33,45,48,NA,NA,NA,NA,NA,NA,NA,NA
"185",185,"sampled","mcdb","1944",FALSE,12,466,"21601803238608",1.4963612303809,1.79109628495435,0.782617104754186,4,0.182522052321694,199,81,4.5,9,NA,NA,NA,NA,NA,NA,NA,NA
"186",186,"sampled","mcdb","1944",FALSE,12,466,"21601803238608",0.531812857924509,2.25156653812221,0.876466687542596,0,0.149847952207389,199,23,85.5,82.5,NA,NA,NA,NA,NA,NA,NA,NA
"187",187,"sampled","mcdb","1944",FALSE,12,466,"21601803238608",-0.0193714512413361,2.24215536145672,0.881992668864779,0,0.162798973407812,199,3,83,89,NA,NA,NA,NA,NA,NA,NA,NA
"188",188,"sampled","mcdb","1944",FALSE,12,466,"21601803238608",1.4720768639357,2.20283942624364,0.860312402144081,0,0.157374857118209,199,80.5,72,58.5,NA,NA,NA,NA,NA,NA,NA,NA
"189",189,"sampled","mcdb","1944",FALSE,12,466,"21601803238608",0.37588593938168,2.07462209085178,0.855919246992945,1,0.147270688204973,199,15,38.5,51.5,NA,NA,NA,NA,NA,NA,NA,NA
"190",190,"sampled","mcdb","1944",FALSE,12,466,"21601803238608",0.545252129766721,2.31764724439045,0.888421227136252,0,0.149211723855328,199,24,95,94.5,NA,NA,NA,NA,NA,NA,NA,NA
"191",191,"sampled","mcdb","1944",FALSE,12,466,"21601803238608",0.303139981628972,2.1955381534406,0.873924736134392,1,0.13430888347316,199,12,69,78,NA,NA,NA,NA,NA,NA,NA,NA
"192",192,"sampled","mcdb","1944",FALSE,12,466,"21601803238608",1.04982242628461,2.2161419420295,0.868647423971707,0,0.133467768024673,199,58,74.5,70.5,NA,NA,NA,NA,NA,NA,NA,NA
"193",193,"sampled","mcdb","1944",FALSE,12,466,"21601803238608",0.855165550559793,2.24004763019657,0.873206358562508,0,0.12403217805767,199,44.5,81.5,76.5,NA,NA,NA,NA,NA,NA,NA,NA
"194",194,"sampled","mcdb","1944",FALSE,12,466,"21601803238608",1.08094521232941,2.20285847238819,0.862532004641824,0,0.130254275670196,199,61.5,72.5,60.5,NA,NA,NA,NA,NA,NA,NA,NA
"195",195,"sampled","mcdb","1944",FALSE,12,466,"21601803238608",0.580290172574323,2.07075182483612,0.852189209600472,1,0.141199560031919,199,26,37.5,47,NA,NA,NA,NA,NA,NA,NA,NA
"196",196,"sampled","mcdb","1944",FALSE,12,466,"21601803238608",0.800862427107125,2.22555601517482,0.873215568531378,0,0.121692151745854,199,41.5,77,77,NA,NA,NA,NA,NA,NA,NA,NA
"197",197,"sampled","mcdb","1944",FALSE,12,466,"21601803238608",0.661745310425031,2.37358100294245,0.897078597874339,0,0.188280458084413,199,32,99.5,99.5,NA,NA,NA,NA,NA,NA,NA,NA
"198",198,"sampled","mcdb","1944",FALSE,12,466,"21601803238608",1.94425859913999,1.63457517081375,0.703282432905377,0,0.285493993573015,199,93.5,1,0.5,NA,NA,NA,NA,NA,NA,NA,NA
"199",199,"sampled","mcdb","1944",FALSE,12,466,"21601803238608",1.03797082474518,1.84888145580715,0.801064672401407,2,0.189024521750383,199,57.5,7.5,12,NA,NA,NA,NA,NA,NA,NA,NA
"200",200,"sampled","mcdb","1944",FALSE,12,466,"21601803238608",0.985628220624026,2.2470682586852,0.8711617454733,0,0.150753768844221,199,54,83.5,74.5,NA,NA,NA,NA,NA,NA,NA,NA
"201",-99,"observed","mcdb","1944",FALSE,12,466,"21601803238608",1.53300324531028,1.61368783750226,0.718423621728159,3,0.302832618025751,200,81.5,0.5,1,81.5,1,0.5,99.5,98.5,100,100,0.155191946858757
